{"ERQA": [0.42102521190636966, 0.6459148223888075, 0.7588096523030774, 0.8187487594270562, 0.8664677425714806, 0.8862048142758586, 0.891952823335082, 0.8967543920268013], "LPIPS": [0.79162112, 0.9111733799999999, 0.94916991, 0.96236063, 0.9711671199999999, 0.9749132999999999, 0.9760201099999999, 0.9768626800000001], "MSSSIM": [0.9277452826499939, 0.9749661485354105, 0.9837482670942942, 0.9862176676591238, 0.9877568781375885, 0.9884034891923269, 0.9886000951131185, 0.9887929062048594], "PSNR": [20.681467056274414, 21.735252380371094, 21.943742752075195, 21.984298706054688, 22.008441925048828, 22.016433715820312, 22.018903732299805, 22.020753860473633], "VMAF": [28.011415481567383, 78.69743347167969, 95.88458251953125, 99.32359313964844, 100.0, 100.0, 100.0, 100.0], "VMAFCLIPPED": [27.96417808532715, 78.69743347167969, 99.32058715820312, 107.61732482910156, 113.57831573486328, 116.96575164794922, 118.3332748413086, 119.6563949584961], "VMAFNEG": [21.892553329467773, 61.354278564453125, 75.88545227050781, 80.72455596923828, 83.76776885986328, 85.14767456054688, 85.60943603515625, 86.03683471679688], "VMAFNEGSHIFTED": [22.06422233581543, 61.180747985839844, 75.63247680664062, 80.5013198852539, 83.53153228759766, 84.91035461425781, 85.3719711303711, 85.80120086669922], "VMAFSHIFTED": [28.83588409423828, 78.9402847290039, 99.72760009765625, 108.14230346679688, 114.16349029541016, 117.59981536865234, 119.00529479980469, 120.45828247070312]}