{"ERQA": [0.3544752017826118, 0.5712580978602448, 0.6596937295363732, 0.7022890436503878, 0.7392718017830278, 0.766706498456886, 0.776177380793291, 0.7864537792867861], "LPIPS": [0.6063841229050279, 0.7396296648044692, 0.8085437262569833, 0.8472758603351954, 0.8856212625698324, 0.9081843575418994, 0.9156609776536314, 0.9229654636871508], "MSSSIM": [0.887959212064743, 0.9408806761105856, 0.9600062370300293, 0.9695244133472443, 0.9780649344126383, 0.9827640453974406, 0.9842445850372314, 0.9857139885425568], "PSNR": [23.29723358154297, 24.92811393737793, 25.621973037719727, 25.932275772094727, 26.168014526367188, 26.295696258544922, 26.330625534057617, 26.376005172729492], "VMAF": [15.805610656738281, 49.80311965942383, 70.23030090332031, 84.4495849609375, 98.0928955078125, 99.98250579833984, 100.0, 100.0], "VMAFCLIPPED": [15.805610656738281, 49.80311965942383, 70.23030090332031, 84.4495849609375, 98.87744140625, 107.28639221191406, 110.0266342163086, 112.80534362792969], "VMAFNEG": [13.521796226501465, 43.31031036376953, 60.01063919067383, 70.83686065673828, 80.51741027832031, 85.40718078613281, 86.86418914794922, 88.16951751708984], "VMAFNEGSHIFTED": [13.68270492553711, 43.458927154541016, 60.123573303222656, 70.88524627685547, 80.5433578491211, 85.39068603515625, 86.83502197265625, 88.13642883300781], "VMAFSHIFTED": [16.129901885986328, 50.0374870300293, 70.39181518554688, 84.51004791259766, 98.87158966064453, 107.23127746582031, 109.98469543457031, 112.72296142578125]}