{"ERQA": [0.39464279093328464, 0.6138607019267193, 0.6790515706969796, 0.7138314742361989, 0.7522153867704251, 0.7738842689610627, 0.7810793952883958, 0.7873960065550708], "LPIPS": [0.64609493, 0.7917486749999999, 0.84780901, 0.8791741949999999, 0.9119209050000001, 0.9304768000000001, 0.9365893550000002, 0.942904595], "MSSSIM": [0.9253972371419271, 0.9643944005171458, 0.9754743774731954, 0.9814421236515045, 0.9869703054428101, 0.9897785584131876, 0.9906928837299347, 0.9916899998982748], "PSNR": [26.0678768157959, 27.639724731445312, 28.085533142089844, 28.334068298339844, 28.56645393371582, 28.68345832824707, 28.717721939086914, 28.74994468688965], "VMAF": [30.753982543945312, 70.51993560791016, 91.35820007324219, 98.91925048828125, 100.0, 100.0, 100.0, 100.0], "VMAFCLIPPED": [30.753982543945312, 70.51993560791016, 91.60635375976562, 102.91820526123047, 112.88555145263672, 118.55024719238281, 120.65425872802734, 123.33222198486328], "VMAFNEG": [24.17648696899414, 55.230751037597656, 70.16155242919922, 77.62198638916016, 83.59423065185547, 86.2808837890625, 87.04826354980469, 87.74090576171875], "VMAFNEGSHIFTED": [24.062833786010742, 55.258792877197266, 70.23390197753906, 77.65689849853516, 83.57252502441406, 86.23644256591797, 86.99676513671875, 87.68933868408203], "VMAFSHIFTED": [30.863733291625977, 70.78984832763672, 91.79072570800781, 102.98116302490234, 112.84297943115234, 118.54672241210938, 120.62222290039062, 123.20061492919922]}