{"ERQA": [0.6271527894123793, 0.7084989051594447, 0.7329832241014792, 0.7489628143736863, 0.7618275142485191, 0.7725360468715017, 0.7818625526252997], "LPIPS": [0.88579141, 0.92517505, 0.93122984, 0.9355546699999999, 0.93888615, 0.9417250000000001, 0.94379203], "MSSSIM": [0.9818210899829865, 0.9875936905543009, 0.9883319834868113, 0.9888687431812286, 0.9892566899458567, 0.9895754754543304, 0.9898285468419393], "PSNR": [22.569438934326172, 22.712190628051758, 22.729835510253906, 22.74161148071289, 22.754589080810547, 22.77046012878418, 22.7804012298584], "VMAFCLIPPED": [87.690185546875, 102.76087951660156, 104.83845520019531, 106.3785400390625, 107.96175384521484, 109.18120574951172, 110.00923156738281], "VMAFNEG": [69.66459655761719, 79.62776184082031, 80.94972229003906, 81.81011962890625, 82.51842498779297, 82.98916625976562, 83.25410461425781]}