{"ERQA": [0.4996240808270552, 0.6154192527708132, 0.6554232162197815, 0.6887785830777443, 0.7196659138051804, 0.7442089522045595, 0.7536918207070122], "LPIPS": [0.686988843575419, 0.7809934804469275, 0.8251075418994414, 0.8630852513966479, 0.8941704469273744, 0.9174593854748603, 0.9254084692737431], "MSSSIM": [0.9460616310437521, 0.9678479035695394, 0.9752675592899323, 0.9805062313874563, 0.9844429393609365, 0.9870574871699015, 0.9879524310429891], "PSNR": [25.957176208496094, 26.717130661010742, 26.944643020629883, 27.089988708496094, 27.190000534057617, 27.252151489257812, 27.2733097076416], "VMAFCLIPPED": [47.48445510864258, 73.41435241699219, 85.01876831054688, 94.2545394897461, 101.51705169677734, 106.21832275390625, 107.61906433105469], "VMAFNEG": [42.44168472290039, 63.863487243652344, 72.88335418701172, 79.49884033203125, 84.33251953125, 87.16415405273438, 87.93309783935547]}