{"ERQA": [0.3710836836627841, 0.525954453748396, 0.6196567808852318, 0.6512341178756588, 0.6751332186969304, 0.6939754453313758, 0.7067174618194042], "LPIPS": [0.589469185, 0.6841434649999999, 0.7708005649999999, 0.804639875, 0.8295593199999999, 0.849127215, 0.861943985], "MSSSIM": [0.9596827427546183, 0.9770046770572662, 0.9868184228738149, 0.989543487628301, 0.9913444916407267, 0.992578943570455, 0.9933979908625284], "PSNR": [28.40791130065918, 29.146949768066406, 29.55622673034668, 29.659093856811523, 29.726396560668945, 29.772329330444336, 29.80011558532715], "VMAFCLIPPED": [46.8231201171875, 74.57244110107422, 95.23826599121094, 101.2444839477539, 105.08629608154297, 107.7122802734375, 109.38609313964844], "VMAFNEG": [41.0057487487793, 64.22013854980469, 79.6048355102539, 83.42040252685547, 85.62734985351562, 86.95494079589844, 87.70540618896484]}