{"ERQA": [0.5867952477867091, 0.664352379311742, 0.6979727609320369, 0.7048313216402184, 0.715450385470437, 0.718509339917582, 0.7189288613847229], "LPIPS": [0.8846597799999999, 0.92217077, 0.9339524400000001, 0.9369886699999997, 0.94092138, 0.9425346699999999, 0.9425431400000002], "MSSSIM": [0.9782983561356863, 0.9842802981535593, 0.9858697851498922, 0.9862842957178751, 0.9867822825908661, 0.9871189395586649, 0.9871358076731364], "PSNR": [21.285911560058594, 21.382902145385742, 21.393753051757812, 21.40095329284668, 21.413223266601562, 21.41961669921875, 21.41973304748535], "VMAFCLIPPED": [90.39415740966797, 104.45894622802734, 108.65653991699219, 109.66486358642578, 111.19962310791016, 112.0959701538086, 112.1279296875], "VMAFNEG": [69.27021026611328, 78.70442962646484, 81.1632080078125, 81.75688934326172, 82.54165649414062, 82.9016342163086, 82.9089126586914]}