{"ERQA": [0.5118697182203745, 0.6380116663397242, 0.6926498879326338, 0.7259434327877194, 0.7556831174290731, 0.7774547838929875, 0.7888418688509695], "LPIPS": [0.7068702625698324, 0.8121966145251397, 0.8685492402234638, 0.8997142625698324, 0.9233243575418995, 0.9386960782122904, 0.948753346368715], "MSSSIM": [0.942585676908493, 0.9699356357256571, 0.9793948829174042, 0.9835808078447977, 0.9865689476331075, 0.9883839885393778, 0.9894712269306183], "PSNR": [24.92242431640625, 25.79689598083496, 26.051156997680664, 26.1485595703125, 26.219627380371094, 26.26114273071289, 26.284875869750977], "VMAFCLIPPED": [48.073265075683594, 78.01590728759766, 94.75320434570312, 104.0460205078125, 112.01329803466797, 117.2503433227539, 119.59684753417969], "VMAFNEG": [41.46572494506836, 65.1493911743164, 77.10550689697266, 82.88688659667969, 87.3703384399414, 89.9701919555664, 91.08213806152344]}