{"ERQA": [0.44426701843126515, 0.5946391347969164, 0.6580928964450161, 0.6968997325441616, 0.7240497233772252, 0.7569309590793717, 0.7844381020722406], "LPIPS": [0.649105795, 0.75240801, 0.8020395600000001, 0.8384005099999999, 0.86363658, 0.88781812, 0.910005415], "MSSSIM": [0.9627352952957153, 0.9811737239360809, 0.9871503114700317, 0.9900353650252024, 0.9917278786500295, 0.9932484825452169, 0.9943390091260275], "PSNR": [27.418258666992188, 28.208602905273438, 28.41676902770996, 28.512292861938477, 28.568710327148438, 28.631126403808594, 28.67965316772461], "VMAFCLIPPED": [52.67465591430664, 84.83829498291016, 100.3643798828125, 108.44278717041016, 113.55291748046875, 119.15704345703125, 122.95108795166016], "VMAFNEG": [44.316749572753906, 69.77287292480469, 80.34147644042969, 84.98812866210938, 87.54381561279297, 89.98556518554688, 91.47908020019531]}