{"ERQA": [0.37106999722401196, 0.5066880972743049, 0.5455689736785653, 0.5690415391281064, 0.599246071214411, 0.6202039078639472, 0.6269783658966334, 0.6323258818687385], "LPIPS": [0.71843989, 0.81356775, 0.86611531, 0.8963155400000001, 0.92365853, 0.93812918, 0.9421126299999999, 0.94507695], "MSSSIM": [0.9211457173029581, 0.9650911788145701, 0.9745969474315643, 0.9782840609550476, 0.9809602101643881, 0.9823220272858938, 0.9828225374221802, 0.9833211004734039], "PSNR": [20.67369842529297, 21.4328670501709, 21.536428451538086, 21.551979064941406, 21.562366485595703, 21.567310333251953, 21.56854820251465, 21.569849014282227], "VMAF": [15.681605339050293, 52.19245910644531, 66.3231201171875, 72.37470245361328, 76.7214584350586, 78.86707305908203, 79.71342468261719, 80.57901000976562], "VMAFCLIPPED": [15.175247192382812, 52.19245910644531, 66.40487670898438, 72.53630065917969, 76.99188995361328, 79.23162841796875, 80.09442901611328, 80.99778747558594], "VMAFNEG": [11.915397644042969, 40.917381286621094, 50.60745620727539, 53.94436264038086, 56.21451187133789, 57.20899200439453, 57.52737808227539, 57.831912994384766], "VMAFNEGSHIFTED": [12.167306900024414, 40.811805725097656, 50.50307083129883, 53.81425857543945, 56.052154541015625, 57.001346588134766, 57.30512237548828, 57.60466384887695], "VMAFSHIFTED": [15.816739082336426, 52.54518127441406, 66.76028442382812, 72.76640319824219, 77.27417755126953, 79.40919494628906, 80.30530548095703, 81.22306060791016]}