{"ERQA": [0.2731295929753619, 0.463859211694726, 0.5462579490727232, 0.5923376819112673, 0.6307182089439689, 0.6512848268173762, 0.658564012847865, 0.6667280857583662], "LPIPS": [0.5799809553072627, 0.7055031284916202, 0.778555279329609, 0.8330768826815643, 0.8952674469273743, 0.927300150837989, 0.9373230000000001, 0.9472238324022346], "MSSSIM": [0.8866434196631113, 0.9349392851193746, 0.9549950063228607, 0.9648888409137726, 0.9725313484668732, 0.9763203859329224, 0.9775826732317606, 0.9789008100827535], "PSNR": [23.307296752929688, 24.72750473022461, 25.28956413269043, 25.525575637817383, 25.68317985534668, 25.74688720703125, 25.7591495513916, 25.777807235717773], "VMAF": [7.465575218200684, 35.46315002441406, 51.87928771972656, 61.861942291259766, 70.23746490478516, 74.08551025390625, 75.28465270996094, 76.318115234375], "VMAFCLIPPED": [7.465575218200684, 35.46315002441406, 51.87928771972656, 61.861942291259766, 70.2489013671875, 74.1813735961914, 75.4123306274414, 76.47388458251953], "VMAFNEG": [6.315023899078369, 31.04123306274414, 44.329036712646484, 51.66986846923828, 57.01141357421875, 59.1710205078125, 59.766746520996094, 60.21754455566406], "VMAFNEGSHIFTED": [6.526913166046143, 31.31195640563965, 44.51051712036133, 51.74244689941406, 57.031803131103516, 59.15987777709961, 59.73488998413086, 60.17181396484375], "VMAFSHIFTED": [7.760727882385254, 35.621002197265625, 52.17211151123047, 61.91569137573242, 70.16293334960938, 74.21373748779297, 75.4329833984375, 76.46591186523438]}