{"ERQA": [0.24700689128508152, 0.4412536288289764, 0.5227299212143993, 0.5639256058010232, 0.598038555524721, 0.6167358484265588, 0.624864070680446, 0.6352589812653783], "LPIPS": [0.55278934, 0.683714075, 0.768132535, 0.8230651400000001, 0.8708713849999999, 0.89533281, 0.904788725, 0.916810795], "MSSSIM": [0.9265888730684916, 0.9633520146210989, 0.9748224119345347, 0.9797365566094717, 0.9833944141864777, 0.9853553473949432, 0.9861024618148804, 0.9870288868745168], "PSNR": [26.231542587280273, 27.668495178222656, 28.042343139648438, 28.182390213012695, 28.27187728881836, 28.315303802490234, 28.32831382751465, 28.347002029418945], "VMAF": [17.73386001586914, 49.12236404418945, 65.31201934814453, 72.70335388183594, 78.22212982177734, 80.66413879394531, 81.4707260131836, 82.49285125732422], "VMAFCLIPPED": [17.72483253479004, 49.12236404418945, 65.31201934814453, 72.7060317993164, 78.30851745605469, 80.83269500732422, 81.67849731445312, 82.73090362548828], "VMAFNEG": [14.869738578796387, 41.705623626708984, 54.13641357421875, 59.18436050415039, 62.48451232910156, 63.83357238769531, 64.27411651611328, 64.73710632324219], "VMAFNEGSHIFTED": [14.916284561157227, 41.806636810302734, 54.16940689086914, 59.18996047973633, 62.436370849609375, 63.757144927978516, 64.16910552978516, 64.62834930419922], "VMAFSHIFTED": [17.860074996948242, 49.185035705566406, 65.37371063232422, 72.74047088623047, 78.39261627197266, 80.89617919921875, 81.7805404663086, 82.78655242919922]}