{"ERQA": [0.39870942302871, 0.5081300385227757, 0.5521293779374441, 0.5861904291249773, 0.6230631359835123, 0.6495076704372564, 0.6590464460168214, 0.669956110316987], "LPIPS": [0.7194964899999999, 0.81419732, 0.8658615899999998, 0.8953475199999998, 0.9219689999999998, 0.93629801, 0.9402825700000002, 0.9432684599999999], "MSSSIM": [0.9221317867437998, 0.9672573308149973, 0.9774276514848074, 0.9814803898334503, 0.9844351708889008, 0.9859284261862437, 0.9864567021528879, 0.9869740506013235], "PSNR": [20.805028915405273, 21.708728790283203, 21.880590438842773, 21.934450149536133, 21.978113174438477, 22.001161575317383, 22.009244918823242, 22.015727996826172], "VMAF": [16.11084747314453, 59.428497314453125, 81.02790832519531, 90.8207015991211, 96.89328002929688, 98.55997467041016, 98.9619140625, 99.47095489501953], "VMAFCLIPPED": [15.565879821777344, 59.428497314453125, 81.10966491699219, 90.98230743408203, 98.49620056152344, 102.29644775390625, 103.60209655761719, 104.99852752685547], "VMAFNEG": [13.241040229797363, 49.732200622558594, 66.06326293945312, 72.55838012695312, 77.21928405761719, 79.34347534179688, 80.02133178710938, 80.65245819091797], "VMAFNEGSHIFTED": [13.493452072143555, 49.705379486083984, 65.89092254638672, 72.35646057128906, 76.90291595458984, 78.97772979736328, 79.6530990600586, 80.2619857788086], "VMAFSHIFTED": [16.096202850341797, 59.81770324707031, 81.37993621826172, 91.18341064453125, 98.58797454833984, 102.35612487792969, 103.70358276367188, 105.08490753173828]}