{"ERQA": [0.3049954364137406, 0.4797287349006121, 0.5621386446070218, 0.6125931122821603, 0.6572104200765387, 0.6837721718272595, 0.6954119987801702, 0.708402227191561], "LPIPS": [0.5722842458100559, 0.6963082737430167, 0.7682583910614524, 0.8222909329608937, 0.8847620167597764, 0.9186463407821228, 0.9294592067039106, 0.9403685307262569], "MSSSIM": [0.8876476685206095, 0.93764395515124, 0.959126482407252, 0.9701959689458212, 0.9792746901512146, 0.9839237630367279, 0.9854691723982493, 0.9871038496494293], "PSNR": [23.438859939575195, 25.047863006591797, 25.76817512512207, 26.106521606445312, 26.360885620117188, 26.480937957763672, 26.51340675354004, 26.55794334411621], "VMAF": [7.336842060089111, 38.347557067871094, 60.16804885864258, 75.47224426269531, 90.2522201538086, 97.8987045288086, 99.33966064453125, 99.92350006103516], "VMAFCLIPPED": [7.336842060089111, 38.347557067871094, 60.16804885864258, 75.47224426269531, 90.2636489868164, 98.44487762451172, 101.09992980957031, 103.45861053466797], "VMAFNEG": [6.448845386505127, 34.67182540893555, 53.34187698364258, 65.7784194946289, 76.68229675292969, 81.99461364746094, 83.61493682861328, 85.0530014038086], "VMAFNEGSHIFTED": [6.620790481567383, 34.83147430419922, 53.52412033081055, 65.92826843261719, 76.7743148803711, 82.0596694946289, 83.66127014160156, 85.08621215820312], "VMAFSHIFTED": [7.608085632324219, 38.50764083862305, 60.26923751831055, 75.63050079345703, 90.38380432128906, 98.46747589111328, 101.14531707763672, 103.44223022460938]}