{"ERQA": [0.2424558305746608, 0.4474813412705731, 0.5374286665771537, 0.5846753941104378, 0.6283361350194548, 0.6582770013148881, 0.6714036703302567, 0.6905096593280855], "LPIPS": [0.5410314350000001, 0.6696365449999999, 0.7530631649999999, 0.8086303849999998, 0.85789818, 0.8832839749999999, 0.893028525, 0.9051953349999999], "MSSSIM": [0.9279625912507375, 0.9661576847235361, 0.9787363807360331, 0.9844443599383036, 0.9889237980047861, 0.9913143912951151, 0.9922211468219757, 0.9933599929014841], "PSNR": [26.37874412536621, 28.013877868652344, 28.513446807861328, 28.724594116210938, 28.884111404418945, 28.970928192138672, 29.003185272216797, 29.04913902282715], "VMAF": [17.942367553710938, 54.2706298828125, 76.72425842285156, 88.48661041259766, 97.45649719238281, 99.8524398803711, 99.98867797851562, 100.0], "VMAFCLIPPED": [17.92730712890625, 54.2706298828125, 76.72425842285156, 88.49435424804688, 98.2897720336914, 103.1581039428711, 104.88211822509766, 106.9311752319336], "VMAFNEG": [15.57456111907959, 47.70793914794922, 66.1204605102539, 74.8370132446289, 81.30449676513672, 84.18580627441406, 85.15106201171875, 86.22847747802734], "VMAFNEGSHIFTED": [15.576005935668945, 47.75999069213867, 66.16820526123047, 74.86669921875, 81.32612609863281, 84.20479583740234, 85.16942596435547, 86.23350524902344], "VMAFSHIFTED": [17.92984390258789, 54.2789421081543, 76.6771011352539, 88.46382141113281, 98.2210693359375, 103.14176940917969, 104.88880157470703, 106.93283081054688]}