{"ERQA": [0.4966797898873594, 0.6976995317322613, 0.8034849388084425, 0.8544439890294081, 0.8900862452480762, 0.902577741612101, 0.9063192094682442, 0.9103720996822315], "LPIPS": [0.8125026099999999, 0.9269550599999999, 0.9586591400000002, 0.9686840899999999, 0.97436331, 0.9761002900000002, 0.97642405, 0.9768362], "MSSSIM": [0.9476657013098398, 0.9790379603703817, 0.9855346977710724, 0.9873326122760773, 0.9883176187674204, 0.9885987838109335, 0.9886480073134104, 0.988677591085434], "PSNR": [21.248462677001953, 21.858915328979492, 21.961435317993164, 21.98722267150879, 22.001462936401367, 22.008941650390625, 22.011444091796875, 22.012311935424805], "VMAF": [42.302547454833984, 87.9514389038086, 98.30350494384766, 99.96698760986328, 100.0, 100.0, 100.0, 100.0], "VMAFCLIPPED": [42.302547454833984, 89.9956283569336, 107.2490234375, 113.87494659423828, 118.42845916748047, 120.54832458496094, 121.2783432006836, 122.20416259765625], "VMAFNEG": [33.488948822021484, 68.63528442382812, 78.9361343383789, 82.47915649414062, 84.56941223144531, 85.39115905761719, 85.61612701416016, 85.84271240234375]}