{"ERQA": [0.444948188695434, 0.6217864799931526, 0.699785597982197, 0.7291068174614805, 0.7441370402706247, 0.752942078067791, 0.7578573606822441, 0.762916135107054], "LPIPS": [0.6614371173184358, 0.768720474860335, 0.8343015195530727, 0.8677951229050278, 0.8956594357541899, 0.9108570670391061, 0.9166667541899441, 0.922017748603352], "MSSSIM": [0.9087968667348226, 0.9472551246484121, 0.963563452164332, 0.9714051882425944, 0.9779096841812134, 0.9814589619636536, 0.9827333291371664, 0.9839412967363993], "PSNR": [24.047826766967773, 25.251380920410156, 25.710346221923828, 25.90776824951172, 26.057958602905273, 26.141843795776367, 26.179834365844727, 26.213762283325195], "VMAF": [28.063608169555664, 62.03084945678711, 82.99981689453125, 95.25927734375, 99.76983642578125, 100.0, 100.0, 100.0], "VMAFCLIPPED": [28.063608169555664, 62.03084945678711, 82.99981689453125, 96.12598419189453, 109.07353210449219, 116.5261459350586, 119.02980041503906, 121.34188079833984], "VMAFNEG": [24.639745712280273, 51.579017639160156, 66.08134460449219, 74.16691589355469, 81.29270935058594, 84.85916900634766, 86.04933166503906, 87.08737182617188]}