{"ERQA": [0.4316981188962894, 0.6660697736504522, 0.726300639107783, 0.743613581549544, 0.7590451636268202, 0.771228041493217, 0.7744242573118991, 0.7772913107694187], "LPIPS": [0.6639446950000001, 0.800264565, 0.8637659449999999, 0.8909710900000001, 0.913299565, 0.927132305, 0.9318406149999998, 0.93714567], "MSSSIM": [0.9419649740060171, 0.9707127312819163, 0.9796167612075806, 0.9837114910284678, 0.9872816602389017, 0.9893475472927094, 0.9900313715140024, 0.9908288717269897], "PSNR": [27.000429153442383, 27.985916137695312, 28.270177841186523, 28.4097900390625, 28.541433334350586, 28.620914459228516, 28.643068313598633, 28.664306640625], "VMAF": [39.624664306640625, 80.79329681396484, 97.17498779296875, 99.90634155273438, 100.0, 100.0, 100.0, 100.0], "VMAFCLIPPED": [39.624664306640625, 80.79790496826172, 99.88725280761719, 109.64322662353516, 117.72808074951172, 122.28096771240234, 123.89444732666016, 125.87384033203125], "VMAFNEG": [32.378761291503906, 62.69487762451172, 74.32998657226562, 79.54969787597656, 83.31016540527344, 85.0793685913086, 85.56611633300781, 86.05269622802734]}