{"ERQA": [0.8037200619362721, 0.8738518075948868, 0.8865307329687232, 0.8921273215149871, 0.8964536171522807, 0.8993040466026725, 0.9004849806374325, 0.9014603435806338], "LPIPS": [0.9561144400000002, 0.9703493499999999, 0.97307344, 0.9745136600000001, 0.9756870200000001, 0.97634416, 0.9765952199999997, 0.9768608300000001], "MSSSIM": [0.9847543239593506, 0.9869485199451447, 0.9872822264830271, 0.9875478744506836, 0.9878253936767578, 0.988005131483078, 0.988064299027125, 0.9881280759970347], "PSNR": [21.940839767456055, 21.96991729736328, 21.97683334350586, 21.985780715942383, 21.993576049804688, 21.99679183959961, 21.997772216796875, 21.998764038085938], "VMAF": [99.74559783935547, 100.0, 100.0, 100.0, 100.0, 100.0, 100.0, 100.0], "VMAFCLIPPED": [110.89021301269531, 117.98258972167969, 118.96949005126953, 119.3109359741211, 120.20712280273438, 120.80535888671875, 121.07772064208984, 121.32723999023438], "VMAFNEG": [78.52886962890625, 82.58985137939453, 83.24102020263672, 83.64114379882812, 84.11396026611328, 84.41265869140625, 84.50650024414062, 84.59323120117188]}