{"ERQA": [0.6362467164240694, 0.7269787076892744, 0.7527437099418332, 0.7636318801680656, 0.7734605425637281, 0.7790500826480801, 0.7812007438858287, 0.7844865160682709], "LPIPS": [0.7396139162011174, 0.8373027709497205, 0.8791395754189943, 0.8979481005586594, 0.9118282067039105, 0.9186426368715083, 0.9209125530726257, 0.9241730502793297], "MSSSIM": [0.9516226549943289, 0.9698434968789419, 0.9766751925150553, 0.9800513684749603, 0.9826942880948385, 0.9840850532054901, 0.9845942258834839, 0.9852974613507589], "PSNR": [25.375934600830078, 25.831218719482422, 25.984962463378906, 26.067623138427734, 26.145727157592773, 26.19251251220703, 26.20836639404297, 26.228008270263672], "VMAF": [66.15030670166016, 92.26996612548828, 99.90052032470703, 100.0, 100.0, 100.0, 100.0, 100.0], "VMAFCLIPPED": [66.15030670166016, 92.26996612548828, 105.30290222167969, 111.31700897216797, 116.21436309814453, 118.76380157470703, 119.4627685546875, 120.2679214477539], "VMAFNEG": [53.748779296875, 71.34114074707031, 79.08128356933594, 82.557861328125, 85.33232879638672, 86.74500274658203, 87.16719818115234, 87.62715911865234]}