{"ERQA": [0.671716602197354, 0.733427017561491, 0.7525591931222236, 0.7628156878416492, 0.7764781034934567, 0.7835559478223132, 0.7849470803956575, 0.7871086863238805], "LPIPS": [0.7945214100000001, 0.868570365, 0.8957843600000001, 0.90940032, 0.922578565, 0.929611285, 0.9317315400000001, 0.9362107399999999], "MSSSIM": [0.9720591902732849, 0.9825383325417837, 0.9861502746740977, 0.98786128560702, 0.98951522509257, 0.99045663078626, 0.9908000826835632, 0.9914458791414896], "PSNR": [27.916404724121094, 28.28947639465332, 28.423690795898438, 28.492767333984375, 28.571006774902344, 28.611486434936523, 28.624982833862305, 28.647066116333008], "VMAF": [85.12435150146484, 99.50711822509766, 99.9334716796875, 99.99211120605469, 100.0, 100.0, 100.0, 100.0], "VMAFCLIPPED": [85.51640319824219, 106.90413665771484, 115.23202514648438, 119.22103118896484, 123.29452514648438, 125.56007385253906, 126.25241088867188, 127.20430755615234], "VMAFNEG": [62.29213333129883, 76.16584014892578, 80.71896362304688, 82.78365325927734, 84.6913070678711, 85.66055297851562, 85.95269775390625, 86.35661315917969]}