{"ERQA": [0.6680983592954557, 0.7477056919163526, 0.7688675833654002, 0.7812567364047769, 0.7889508663711534, 0.7935363542552127, 0.7982573206231293], "LPIPS": [0.8889840799999998, 0.9260205100000002, 0.9309674800000001, 0.9342486799999999, 0.9380423300000001, 0.94394211, 0.9488039300000001], "MSSSIM": [0.9809061487515768, 0.9864510993162791, 0.9871071974436442, 0.9875582853953043, 0.9878947933514913, 0.9881948033968607, 0.9885056217511495], "PSNR": [21.71663475036621, 21.789714813232422, 21.800857543945312, 21.808902740478516, 21.81155014038086, 21.8143310546875, 21.816022872924805], "VMAFCLIPPED": [96.66869354248047, 113.43846130371094, 115.75729370117188, 117.5460205078125, 119.45809936523438, 121.05709075927734, 121.96532440185547], "VMAFNEG": [70.1074447631836, 78.4714584350586, 79.50257873535156, 80.21855926513672, 80.74882507324219, 81.10565185546875, 81.3038330078125]}