{"ERQA": [0.542371926920679, 0.6645373450213147, 0.704343917998343, 0.7340703721113768, 0.7713775245127079, 0.7829509570949336, 0.7906850026746676], "LPIPS": [0.7044461340782122, 0.8071630837988827, 0.8561677988826815, 0.8935149329608938, 0.9345010837988826, 0.9454079497206704, 0.9531245418994412], "MSSSIM": [0.9462989072004954, 0.9688753485679626, 0.9762154122193655, 0.9812127550443014, 0.9860847890377045, 0.9872300227483114, 0.9880416293938955], "PSNR": [25.48343849182129, 26.161731719970703, 26.336244583129883, 26.452232360839844, 26.54637908935547, 26.567171096801758, 26.581016540527344], "VMAFCLIPPED": [54.386016845703125, 82.54661560058594, 95.57485961914062, 105.95330047607422, 118.14114379882812, 121.35465240478516, 123.37345123291016], "VMAFNEG": [46.60146713256836, 67.0261001586914, 75.27997589111328, 81.16120147705078, 86.79058837890625, 87.8829116821289, 88.49465942382812]}