{"ERQA": [0.45563679319972256, 0.603769550251628, 0.6814992911059796, 0.704335780690368, 0.72060397916358, 0.7330720871129984, 0.7417727391717122], "LPIPS": [0.6231606949999999, 0.73385805, 0.8250948650000001, 0.8582705, 0.88291027, 0.8998231699999999, 0.91145793], "MSSSIM": [0.9592833717664083, 0.9776436984539032, 0.9871582190195719, 0.9897253215312958, 0.9913874467213949, 0.9924696683883667, 0.9932384292284647], "PSNR": [27.923049926757812, 28.665122985839844, 28.984586715698242, 29.055400848388672, 29.097183227539062, 29.125614166259766, 29.14116859436035], "VMAFCLIPPED": [52.14964294433594, 82.63958740234375, 105.00536346435547, 111.88671875, 116.60858154296875, 119.81108093261719, 122.1048812866211], "VMAFNEG": [44.44668960571289, 67.68704986572266, 81.27664947509766, 84.4424819946289, 86.14519500732422, 87.03516387939453, 87.55452728271484]}