{"ERQA": [0.7354683765379246, 0.8426970253166708, 0.8649082852889908, 0.8798774985723651, 0.8884713492019658, 0.8931292941395279, 0.8962340866691891], "LPIPS": [0.9395925299999999, 0.9667961500000001, 0.9703837299999999, 0.97280027, 0.97438931, 0.9755602199999999, 0.97651236], "MSSSIM": [0.9828247129917145, 0.9872958163420359, 0.9877908726533254, 0.9881529609362284, 0.9883845945199331, 0.9885638356208801, 0.9887142479419708], "PSNR": [21.90240478515625, 21.995025634765625, 22.003644943237305, 22.010107040405273, 22.01466178894043, 22.020153045654297, 22.021482467651367], "VMAFCLIPPED": [99.63823699951172, 114.0409927368164, 116.07473754882812, 117.51715850830078, 118.60946655273438, 119.35428619384766, 119.83697509765625], "VMAFNEG": [75.30184936523438, 83.48697662353516, 84.57319641113281, 85.2598876953125, 85.6814956665039, 85.93254089355469, 86.06451416015625]}