{"ERQA": [0.5939051286676867, 0.7048694999919942, 0.7338327588474801, 0.7548854101787028, 0.7709559370602757, 0.7828067755776733, 0.7868396061376655], "LPIPS": [0.7254097206703911, 0.8166403351955308, 0.8527319999999999, 0.8792840558659218, 0.8987107094972067, 0.9129066033519553, 0.9180162681564245], "MSSSIM": [0.9457206825415293, 0.966283529996872, 0.9731030563513438, 0.977980395158132, 0.9818055729071299, 0.9844469626744589, 0.9853768050670624], "PSNR": [25.303607940673828, 25.915491104125977, 26.07843017578125, 26.196012496948242, 26.2722225189209, 26.333749771118164, 26.36164093017578], "VMAFCLIPPED": [56.3074951171875, 80.18431091308594, 91.3995361328125, 99.62287902832031, 106.99095153808594, 111.61668395996094, 113.03123474121094], "VMAFNEG": [48.45564270019531, 67.33689880371094, 75.1960220336914, 80.73885345458984, 84.91216278076172, 87.37826538085938, 88.10356140136719]}