{"ERQA": [0.5743406857652845, 0.6914835465708075, 0.733455968096216, 0.7487870640312014, 0.761897636699324, 0.7742004815600709, 0.7832201373531799], "LPIPS": [0.6990838100000001, 0.8102699950000001, 0.87318727, 0.8952840900000001, 0.9125232950000001, 0.92616117, 0.93534695], "MSSSIM": [0.957363506158193, 0.9735942383607229, 0.9829041759173075, 0.9859957297643026, 0.9882443249225616, 0.9899019201596578, 0.9910296003023783], "PSNR": [27.49281120300293, 28.029151916503906, 28.374998092651367, 28.501117706298828, 28.594079971313477, 28.67023277282715, 28.720539093017578], "VMAFCLIPPED": [61.37736129760742, 89.22892761230469, 109.50589752197266, 115.54174041748047, 119.50387573242188, 122.21503448486328, 124.07110595703125], "VMAFNEG": [47.136474609375, 66.79329681396484, 79.6224136352539, 83.2313232421875, 85.36405944824219, 86.72055053710938, 87.49565124511719]}