{"ERQA": [0.673489615025364, 0.7447894252479013, 0.7634662279199366, 0.7699060527397771, 0.7738197602995557, 0.7787047865302413, 0.7827749619986066, 0.7863762048100045], "LPIPS": [0.90948738, 0.9334043700000001, 0.9381826700000001, 0.94103261, 0.94482367, 0.94700812, 0.94766374, 0.94834521], "MSSSIM": [0.9851536254088084, 0.9883646368980408, 0.9889918466409048, 0.9893694221973419, 0.9896832505861918, 0.9899381399154663, 0.9900386929512024, 0.9901289542516073], "PSNR": [22.54619789123535, 22.587600708007812, 22.60563850402832, 22.618349075317383, 22.627410888671875, 22.63543128967285, 22.637821197509766, 22.639814376831055], "VMAF": [96.19652557373047, 99.87232971191406, 99.96411895751953, 100.0, 100.0, 100.0, 100.0, 100.0], "VMAFCLIPPED": [98.22188568115234, 106.66597747802734, 108.0831298828125, 108.63807678222656, 109.6185531616211, 110.43595886230469, 110.7851791381836, 111.06253051757812], "VMAFNEG": [75.47046661376953, 80.82569122314453, 81.74999237060547, 82.2044448852539, 82.78132629394531, 83.19491577148438, 83.34201049804688, 83.45736694335938]}