{"ERQA": [0.5304825640451624, 0.6449550429856499, 0.6945703524070388, 0.717456794535121, 0.7402569211749627, 0.7542281809520326, 0.7595566849486941, 0.7658259009407118], "LPIPS": [0.70187443575419, 0.8054015977653631, 0.8619850726256982, 0.8929865139664804, 0.9180965865921789, 0.9315007765363127, 0.936477189944134, 0.9432897094972067], "MSSSIM": [0.9520512620608012, 0.9725053807099661, 0.9801965951919556, 0.9836966395378113, 0.9864114622275034, 0.9878603418668112, 0.9884224732716879, 0.9891028006871542], "PSNR": [25.958105087280273, 26.602479934692383, 26.819299697875977, 26.91295623779297, 26.990673065185547, 27.035320281982422, 27.04997444152832, 27.063650131225586], "VMAF": [54.10472106933594, 81.44132995605469, 94.65238189697266, 99.53052520751953, 99.99958801269531, 100.0, 100.0, 100.0], "VMAFCLIPPED": [54.10472106933594, 81.44132995605469, 94.66128540039062, 100.49217987060547, 105.28789520263672, 107.7787857055664, 108.59686279296875, 109.31307983398438], "VMAFNEG": [48.084686279296875, 69.81633758544922, 79.31177520751953, 83.21913146972656, 86.28782653808594, 87.82670593261719, 88.30155944824219, 88.67967987060547]}