{"ERQA": [0.49748641108393254, 0.6090808589991333, 0.6536993578266446, 0.6758153077498743, 0.6986509544282067, 0.7139607487733838, 0.7193000734006572, 0.7279156742433879], "LPIPS": [0.6772539500000001, 0.776796285, 0.822829525, 0.846758045, 0.870237625, 0.88447719, 0.890103015, 0.9030277649999999], "MSSSIM": [0.9747424920399984, 0.986042340596517, 0.9897109667460123, 0.991296261548996, 0.9927549064159393, 0.9936177531878153, 0.9939588904380798, 0.9945812424023946], "PSNR": [28.808876037597656, 29.240371704101562, 29.372032165527344, 29.431900024414062, 29.492557525634766, 29.530258178710938, 29.543720245361328, 29.564462661743164], "VMAF": [69.80525207519531, 92.35438537597656, 98.95708465576172, 99.92691040039062, 99.99435424804688, 100.0, 100.0, 100.0], "VMAFCLIPPED": [69.80525207519531, 92.52455139160156, 100.85295867919922, 104.78282165527344, 108.58758544921875, 110.53182983398438, 111.2590560913086, 112.12287139892578], "VMAFNEG": [59.7347526550293, 76.88660430908203, 82.3543930053711, 84.69007873535156, 86.78677368164062, 87.84280395507812, 88.1955795288086, 88.6015396118164]}