{"ERQA": [0.3790627127730231, 0.48598430834453726, 0.5254680522943385, 0.5590302212848418, 0.6008097170630333, 0.6305902745942098, 0.6450474197486114, 0.662732376872037], "LPIPS": [0.7272407200000002, 0.820613, 0.87448072, 0.90531219, 0.9342927, 0.9497691700000002, 0.9542422200000001, 0.9579068100000001], "MSSSIM": [0.9242689311504364, 0.9677476088205973, 0.9780646363894144, 0.982028047243754, 0.984989732503891, 0.986510435740153, 0.9870977600415548, 0.987678994735082], "PSNR": [20.92295265197754, 21.758832931518555, 21.903806686401367, 21.95487403869629, 21.998844146728516, 22.022464752197266, 22.030956268310547, 22.038949966430664], "VMAF": [17.87873649597168, 61.39086151123047, 83.61347198486328, 93.44524383544922, 98.39662170410156, 99.57872009277344, 99.92290496826172, 100.0], "VMAFCLIPPED": [17.427650451660156, 61.474124908447266, 83.56522369384766, 94.01398468017578, 102.525146484375, 106.70146179199219, 108.26853942871094, 110.01016235351562], "VMAFNEG": [14.599506378173828, 51.206058502197266, 67.5622329711914, 74.37977600097656, 79.53679656982422, 81.8764419555664, 82.68580627441406, 83.4665756225586], "VMAFNEGSHIFTED": [14.696490287780762, 49.64912796020508, 65.2706069946289, 71.8385009765625, 76.71688842773438, 78.93737030029297, 79.71456909179688, 80.44528198242188], "VMAFSHIFTED": [17.95033073425293, 60.1754035949707, 81.43087005615234, 91.72318267822266, 100.03526306152344, 104.1667709350586, 105.78965759277344, 107.56224822998047]}