{"ERQA": [0.3189706750079637, 0.4923316426828348, 0.5767247981260983, 0.63019861747161, 0.6808476731537495, 0.7128491136795106, 0.72621320481605, 0.7418216003585153], "LPIPS": [0.5770892402234636, 0.703640748603352, 0.7763534581005588, 0.8319566648044691, 0.8967631508379887, 0.9324246592178769, 0.9438088715083799, 0.9554815195530725], "MSSSIM": [0.8874572416146597, 0.9372778336207072, 0.958781361579895, 0.9701558748881022, 0.9793501794338226, 0.9840952555338541, 0.9857003490130106, 0.9874262511730194], "PSNR": [23.470439910888672, 25.040325164794922, 25.7598819732666, 26.123199462890625, 26.393396377563477, 26.52701187133789, 26.564241409301758, 26.61302947998047], "VMAF": [7.687497615814209, 39.88844299316406, 62.08048629760742, 78.37492370605469, 94.41509246826172, 99.69847106933594, 99.98564910888672, 100.0], "VMAFCLIPPED": [7.717165470123291, 39.826324462890625, 61.997467041015625, 78.31897735595703, 94.43424224853516, 103.54426574707031, 106.62874603271484, 109.5890884399414], "VMAFNEG": [6.65142297744751, 35.8912353515625, 54.716148376464844, 67.72318267822266, 79.36257934570312, 85.20926666259766, 87.03404235839844, 88.75643157958984], "VMAFNEGSHIFTED": [6.942841529846191, 35.98017120361328, 54.775936126708984, 67.64155578613281, 79.1636962890625, 84.93704223632812, 86.73980712890625, 88.42755889892578], "VMAFSHIFTED": [8.002456665039062, 39.93631362915039, 62.024024963378906, 78.24456787109375, 94.20404052734375, 103.22833251953125, 106.25433349609375, 109.17073059082031]}