{"ERQA": [0.25818484419875914, 0.4631252311918341, 0.5604806672512692, 0.6126962706133234, 0.7090481148874898, 0.6984890825412875, 0.7153070932144767, 0.7386168711953099], "LPIPS": [0.555607675, 0.68593756, 0.7720889149999999, 0.828582685, 0.91204814, 0.9058705899999998, 0.916991295, 0.93182214], "MSSSIM": [0.9275877674420675, 0.9657918413480123, 0.9784615337848663, 0.9842468003431956, 0.9918128351370493, 0.9912600020567576, 0.992242823044459, 0.9935263991355896], "PSNR": [26.386714935302734, 27.99384307861328, 28.507463455200195, 28.730995178222656, 29.01936912536621, 29.003366470336914, 29.04103660583496, 29.09521484375], "VMAF": [18.479021072387695, 55.86266326904297, 78.66584014892578, 91.22078704833984, 99.83351135253906, 100.0, 100.0, 100.0], "VMAFCLIPPED": [18.39846420288086, 55.81026077270508, 78.65570068359375, 91.23922729492188, 108.46536254882812, 107.3304672241211, 109.38382720947266, 111.9277572631836], "VMAFNEG": [15.88309097290039, 48.86989974975586, 67.35723114013672, 76.52132415771484, 87.1747055053711, 86.59559631347656, 87.71236419677734, 88.99469757080078], "VMAFNEGSHIFTED": [15.916818618774414, 48.8780632019043, 67.36272430419922, 76.52529907226562, 87.17271423339844, 86.59362030029297, 87.7099838256836, 88.99205017089844], "VMAFSHIFTED": [18.61781883239746, 55.82255935668945, 78.66458129882812, 91.24594116210938, 108.46363067626953, 107.32891845703125, 109.38166046142578, 111.92548370361328]}