{"ERQA": [0.6876713772799944, 0.797100422267352, 0.8283650874961703, 0.8491435687397137, 0.8640172335579159, 0.873905746718108, 0.8812823254925016], "LPIPS": [0.9060622700000001, 0.94450573, 0.9499758199999999, 0.9539505299999999, 0.95775989, 0.96109245, 0.96258317], "MSSSIM": [0.9827036460240682, 0.9875255425771078, 0.9880147775014242, 0.9882918298244476, 0.9883757829666138, 0.9883215328057607, 0.988223006327947], "PSNR": [21.877368927001953, 21.986099243164062, 21.998640060424805, 22.009729385375977, 22.02777099609375, 22.063304901123047, 22.095773696899414], "VMAFCLIPPED": [89.7118911743164, 103.55020904541016, 105.2523193359375, 106.54670715332031, 107.84957885742188, 108.80777740478516, 109.47492218017578], "VMAFNEG": [70.45295715332031, 79.13644409179688, 80.13691711425781, 80.78150939941406, 81.33354949951172, 81.71196746826172, 81.94346618652344]}