{"ERQA": [0.4975255744270073, 0.6232242020393357, 0.6686673929863098, 0.7043150965779985, 0.7340382161538727, 0.7566213569497711, 0.7636304227207866], "LPIPS": [0.7037575754189944, 0.8004891173184356, 0.8418203519553071, 0.8745120391061451, 0.898020720670391, 0.9117152793296089, 0.9153405474860336], "MSSSIM": [0.9461955030759176, 0.9674104253451029, 0.9742998778820038, 0.9788944323857626, 0.9819880127906799, 0.9836609562238058, 0.9841112097104391], "PSNR": [25.450014114379883, 26.132831573486328, 26.335466384887695, 26.483766555786133, 26.605846405029297, 26.70607566833496, 26.73987579345703], "VMAFCLIPPED": [46.13361358642578, 70.78020477294922, 81.14791870117188, 88.94886016845703, 94.49359893798828, 97.65520477294922, 98.51887512207031], "VMAFNEG": [41.48979949951172, 62.21342086791992, 70.46941375732422, 76.23977661132812, 80.15164947509766, 82.34364318847656, 82.92652130126953]}