{"ERQA": [0.38904503735551815, 0.5412752777833056, 0.6331389890973376, 0.6673110344686219, 0.6890413687980896, 0.707140893350589, 0.7174926351265899], "LPIPS": [0.62670418, 0.723664425, 0.8067726749999999, 0.836433735, 0.8568930750000001, 0.8700223600000001, 0.8770545599999999], "MSSSIM": [0.9592752456665039, 0.9762086868286133, 0.9852792421976725, 0.9874477585156759, 0.9886244932810465, 0.9892248113950094, 0.9895261327425638], "PSNR": [27.539112091064453, 28.142606735229492, 28.4833927154541, 28.56810188293457, 28.61839485168457, 28.65025520324707, 28.667680740356445], "VMAFCLIPPED": [45.60808181762695, 72.16765594482422, 90.66942596435547, 95.3892822265625, 98.10713195800781, 99.68926239013672, 100.64032745361328], "VMAFNEG": [40.06346130371094, 62.49261474609375, 76.74172973632812, 80.03089141845703, 81.78292083740234, 82.76134490966797, 83.2917709350586]}