{"ERQA": [0.3917160130832385, 0.5911965062358274, 0.6723162427687589, 0.734382295180025, 0.8303935662391726, 0.8705450645548738, 0.8782251444344888, 0.8831024530460052], "LPIPS": [0.7456800700000003, 0.8423625100000001, 0.90239767, 0.9323792999999999, 0.95369528, 0.9606941300000001, 0.96202956, 0.9628163599999999], "MSSSIM": [0.9256804982821146, 0.9721382757027944, 0.9827996691068014, 0.9860973159472147, 0.9877022405465444, 0.9880472222963969, 0.9881167411804199, 0.9881884555021921], "PSNR": [20.74722671508789, 21.70162010192871, 21.9194393157959, 21.992738723754883, 22.067476272583008, 22.1082706451416, 22.1130428314209, 22.11287498474121], "VMAF": [17.244741439819336, 62.15003204345703, 85.6433334350586, 94.98111724853516, 98.80243682861328, 99.7411117553711, 99.91527557373047, 99.99534606933594], "VMAFCLIPPED": [16.7735538482666, 62.15003204345703, 85.6433334350586, 96.30049896240234, 103.76378631591797, 107.18134307861328, 108.3579330444336, 109.41405487060547], "VMAFNEG": [14.076333045959473, 51.44007873535156, 68.8329849243164, 75.45076751708984, 79.54446411132812, 81.13675689697266, 81.59416961669922, 81.97014617919922], "VMAFNEGSHIFTED": [14.408668518066406, 51.242523193359375, 68.49198150634766, 75.10580444335938, 79.22454833984375, 80.82231903076172, 81.28469848632812, 81.64916229248047], "VMAFSHIFTED": [17.459671020507812, 62.19313430786133, 85.727783203125, 96.29976654052734, 103.76815032958984, 107.19148254394531, 108.40432739257812, 109.4738998413086]}