{"ERQA": [0.25137333803465867, 0.46933009911837786, 0.5768694688816772, 0.6445491486151746, 0.7089660315574577, 0.7401531175265589, 0.7511796677404109, 0.7617365133191848], "LPIPS": [0.5746132458100559, 0.7056789553072627, 0.781767251396648, 0.8350934469273742, 0.8864306480446927, 0.9075293798882683, 0.9124633296089386, 0.91641456424581], "MSSSIM": [0.8901894489924113, 0.9397428135077158, 0.9609502752621969, 0.9715873102347056, 0.9793078104654948, 0.9824322859446207, 0.9832434952259064, 0.9839160541693369], "PSNR": [23.58095932006836, 25.146621704101562, 25.895931243896484, 26.25657081604004, 26.569852828979492, 26.710010528564453, 26.729761123657227, 26.75313949584961], "VMAF": [6.444614410400391, 38.18465805053711, 59.530357360839844, 74.18177795410156, 87.55350494384766, 94.1088638305664, 96.01325988769531, 97.626220703125], "VMAFCLIPPED": [6.444614410400391, 38.18465805053711, 59.530357360839844, 74.18177795410156, 87.55350494384766, 94.1102066040039, 96.02639770507812, 97.71751403808594], "VMAFNEG": [5.619505882263184, 34.79018020629883, 53.40694046020508, 65.54800415039062, 75.72042083740234, 80.2201919555664, 81.49011993408203, 82.58169555664062], "VMAFNEGSHIFTED": [5.775450229644775, 34.973175048828125, 53.578243255615234, 65.6855697631836, 75.79853057861328, 80.28279876708984, 81.54386901855469, 82.6182632446289], "VMAFSHIFTED": [6.684189319610596, 38.40422058105469, 59.71879577636719, 74.30268859863281, 87.58081817626953, 94.0655288696289, 95.99127960205078, 97.67792510986328]}