{"ERQA": [0.23061016960938663, 0.4539706463687421, 0.5575731910140317, 0.6156960720438637, 0.6687807029431547, 0.696229858520291, 0.7057150283520082, 0.7176106703012104], "LPIPS": [0.555392475, 0.68191244, 0.76361129, 0.8157378, 0.857345115, 0.87221914, 0.87627199, 0.8801986350000002], "MSSSIM": [0.9295928676923116, 0.9672398567199707, 0.9792660176753998, 0.9843270778656006, 0.9875672856966654, 0.9887511233488718, 0.989095131556193, 0.9894492328166962], "PSNR": [26.214717864990234, 27.76202964782715, 28.25064468383789, 28.466087341308594, 28.611278533935547, 28.65395736694336, 28.66634750366211, 28.681419372558594], "VMAF": [17.269411087036133, 53.846920013427734, 75.24940490722656, 86.08049011230469, 93.89236450195312, 96.95407104492188, 97.85660552978516, 98.7093734741211], "VMAFCLIPPED": [17.25733184814453, 53.846920013427734, 75.24940490722656, 86.08049011230469, 93.96387481689453, 97.5204849243164, 98.71881866455078, 100.1229476928711], "VMAFNEG": [15.011872291564941, 47.593746185302734, 65.48136901855469, 73.81962585449219, 79.4251708984375, 81.60450744628906, 82.29862976074219, 83.04900360107422], "VMAFNEGSHIFTED": [15.017294883728027, 47.58506393432617, 65.48204803466797, 73.8177261352539, 79.41586303710938, 81.60443115234375, 82.29243469238281, 83.03943634033203], "VMAFSHIFTED": [17.47809410095215, 53.81222915649414, 75.11568450927734, 85.9781723022461, 93.9288558959961, 97.51238250732422, 98.68904876708984, 100.08683776855469]}