{"ERQA": [0.7595625246814289, 0.8609654075019483, 0.8790833814406368, 0.8876963772734008, 0.8930579728194684, 0.8968363410195563, 0.8999958571830988], "LPIPS": [0.9459183800000001, 0.9689303999999999, 0.97178333, 0.9736496600000002, 0.97503069, 0.9759539000000003, 0.97654866], "MSSSIM": [0.9826152622699738, 0.9867462913195292, 0.9871685604254404, 0.9874719182650248, 0.9876613616943359, 0.9878294070561727, 0.9879818061987559], "PSNR": [21.881799697875977, 21.973033905029297, 21.98246955871582, 21.988752365112305, 21.9931640625, 21.99753761291504, 21.9981689453125], "VMAFCLIPPED": [103.95933532714844, 116.21829986572266, 117.83950805664062, 118.90335083007812, 119.84085083007812, 120.46062469482422, 120.9505386352539], "VMAFNEG": [74.95980072021484, 82.1672134399414, 83.14111328125, 83.70802307128906, 84.0781478881836, 84.31475067138672, 84.45450592041016]}