{"ERQA": [0.6043700002255704, 0.708549285442819, 0.7333328351285111, 0.7508989706253543, 0.764956641721199, 0.7749825479075331, 0.7791960199459086], "LPIPS": [0.7229329608938547, 0.8143697150837989, 0.8520267541899441, 0.880388089385475, 0.9000127094972068, 0.9137318212290503, 0.9184992849162011], "MSSSIM": [0.9455477297306061, 0.9653638104597727, 0.9719391365845998, 0.9767440358797709, 0.9805931051572164, 0.9832503100236257, 0.9842131634553274], "PSNR": [25.163488388061523, 25.730810165405273, 25.887704849243164, 26.000911712646484, 26.085826873779297, 26.153350830078125, 26.18548011779785], "VMAFCLIPPED": [60.24136734008789, 85.12906646728516, 96.47521209716797, 105.3595962524414, 112.97019958496094, 117.70317840576172, 119.14689636230469], "VMAFNEG": [49.14407730102539, 66.77123260498047, 74.11940002441406, 79.58184051513672, 83.77423095703125, 86.2158203125, 86.94539642333984]}