{"ERQA": [0.5768901146391094, 0.6983786649524225, 0.7369848043466019, 0.7496880886808438, 0.7613395062396399, 0.7720107076497563, 0.7798794877471209], "LPIPS": [0.6922465600000001, 0.804488525, 0.868333705, 0.8901030900000001, 0.9064757900000001, 0.9191518350000001, 0.9276900600000001], "MSSSIM": [0.957974890867869, 0.97371173898379, 0.9825381735960642, 0.9855063756306967, 0.9876471062501272, 0.9892305334409078, 0.9903055528799692], "PSNR": [27.423351287841797, 27.938472747802734, 28.253007888793945, 28.378263473510742, 28.467575073242188, 28.54170799255371, 28.5914249420166], "VMAFCLIPPED": [62.78264236450195, 90.28154754638672, 110.36880493164062, 116.52355194091797, 120.65177917480469, 123.4851303100586, 125.3773422241211], "VMAFNEG": [46.6540641784668, 65.41455078125, 77.77635955810547, 81.3759765625, 83.48332977294922, 84.84722900390625, 85.6337890625]}