{"ERQA": [0.587687193622874, 0.6349697722378692, 0.6473843898151405, 0.6529604521813115, 0.6618537584288738, 0.6688938296832209, 0.6732748444692794], "LPIPS": [0.90980066, 0.9332921800000001, 0.9393282700000001, 0.9463922499999999, 0.95204762, 0.9552399000000001, 0.9561597399999998], "MSSSIM": [0.9824964006741842, 0.9857316613197327, 0.9863310754299164, 0.9867272774378458, 0.9871804316838583, 0.9875188569227854, 0.987654318412145], "PSNR": [21.93571662902832, 21.978574752807617, 21.991069793701172, 22.004257202148438, 22.01747703552246, 22.024656295776367, 22.02695655822754], "VMAFCLIPPED": [96.96646118164062, 105.49337005615234, 106.89716339111328, 107.61091613769531, 108.7699966430664, 109.71952056884766, 110.09417724609375], "VMAFNEG": [75.05949401855469, 80.50241088867188, 81.49376678466797, 82.03560638427734, 82.76171875, 83.25666046142578, 83.42813110351562]}