{"ERQA": [0.5337799089857115, 0.6379502471586405, 0.6811362151451225, 0.7023976814064842, 0.7256678591664568, 0.7413907038586756, 0.7481273394040813], "LPIPS": [0.7154161340782123, 0.8195451787709498, 0.8756340502793296, 0.9062343016759776, 0.9312836145251395, 0.9447810000000001, 0.9499932793296091], "MSSSIM": [0.9513624509175619, 0.9717634121576945, 0.9794379472732544, 0.9829851587613424, 0.9857896169026693, 0.9873297909895579, 0.987947146097819], "PSNR": [25.629562377929688, 26.217275619506836, 26.41390609741211, 26.500518798828125, 26.576339721679688, 26.62261962890625, 26.638805389404297], "VMAFCLIPPED": [54.51612091064453, 82.26861572265625, 95.84698486328125, 101.99594116210938, 107.16743469238281, 109.91937255859375, 110.82292938232422], "VMAFNEG": [48.30205535888672, 70.17082977294922, 79.80731201171875, 83.88109588623047, 87.19718170166016, 88.92256164550781, 89.4623031616211]}