{"ERQA": [0.5064844423523693, 0.6172890670395291, 0.661924078021058, 0.6858612036030003, 0.7146398309063404, 0.7371639686914935, 0.7465955579182988], "LPIPS": [0.7144659250000001, 0.811609745, 0.855358625, 0.8776345900000001, 0.8998394500000001, 0.9145206149999998, 0.9212124800000001], "MSSSIM": [0.9740049342314402, 0.9853664934635162, 0.9891276756922404, 0.9907924036184946, 0.9923904140790304, 0.993391086657842, 0.9937902788321177], "PSNR": [28.399145126342773, 28.79805564880371, 28.923137664794922, 28.982032775878906, 29.05175018310547, 29.099384307861328, 29.117515563964844], "VMAFCLIPPED": [70.19246673583984, 93.11536407470703, 101.66917419433594, 105.79100799560547, 109.94012451171875, 112.2237548828125, 113.06938171386719], "VMAFNEG": [59.91264724731445, 77.16006469726562, 82.77686309814453, 85.24728393554688, 87.66616821289062, 89.00873565673828, 89.47915649414062]}