{"ERQA": [0.6381186588715236, 0.7372605602869999, 0.7745049366066, 0.7803304335207716, 0.7874411121397353, 0.7951422138177968, 0.7956402923656909], "LPIPS": [0.89036093, 0.92955809, 0.9387458, 0.9403611400000002, 0.9429331000000001, 0.9446777300000001, 0.94476321], "MSSSIM": [0.9819161196549734, 0.9880456229050955, 0.9893189271291097, 0.9895967443784078, 0.9899365305900574, 0.9902132451534271, 0.9902277489503225], "PSNR": [22.117353439331055, 22.25031280517578, 22.268068313598633, 22.272802352905273, 22.278514862060547, 22.28342056274414, 22.283714294433594], "VMAFCLIPPED": [89.39591217041016, 104.31551361083984, 107.69747924804688, 108.41360473632812, 109.68971252441406, 110.74498748779297, 110.80227661132812], "VMAFNEG": [69.48043060302734, 79.70307159423828, 81.79610443115234, 82.1949234008789, 82.79773712158203, 83.20767211914062, 83.2271499633789]}