{"ERQA": [0.4988651334383997, 0.6242318027380611, 0.6777984170458947, 0.7086765363904495, 0.7360916822366463, 0.7566292112857051, 0.7697167681407342], "LPIPS": [0.6985253519553073, 0.8015919162011171, 0.8569693463687151, 0.8872717932960895, 0.9100146145251397, 0.924706726256983, 0.9339386145251396], "MSSSIM": [0.9427879552046458, 0.9700353940327963, 0.9794276456038157, 0.9835535287857056, 0.9864777127901713, 0.9882438679536184, 0.9893061220645905], "PSNR": [25.3444881439209, 26.325910568237305, 26.626802444458008, 26.752927780151367, 26.84603500366211, 26.89999771118164, 26.923240661621094], "VMAFCLIPPED": [44.78025436401367, 73.30152893066406, 88.60377502441406, 96.71388244628906, 103.2323226928711, 107.21571350097656, 109.16709899902344], "VMAFNEG": [39.4918212890625, 63.295291900634766, 75.1905517578125, 80.90261840820312, 85.21981811523438, 87.60335540771484, 88.66456604003906]}