{"ERQA": [0.4132844652274931, 0.5577000015146909, 0.6177771037131718, 0.6531253929500538, 0.6762882996411168, 0.7010541240843645, 0.7181332702394918], "LPIPS": [0.6329923100000001, 0.734117435, 0.7809063500000001, 0.8132742050000001, 0.83480591, 0.85358157, 0.8687162699999998], "MSSSIM": [0.9632112085819244, 0.9816375772158304, 0.9875255823135376, 0.99032790462176, 0.9919316470623016, 0.9933009246985117, 0.9942208627859751], "PSNR": [27.978349685668945, 28.882404327392578, 29.133710861206055, 29.249141693115234, 29.313676834106445, 29.37308692932129, 29.408641815185547], "VMAFCLIPPED": [49.83662414550781, 80.3228759765625, 94.47380828857422, 101.32405090332031, 105.21363830566406, 109.12397766113281, 111.32452392578125], "VMAFNEG": [42.7537727355957, 67.95634460449219, 78.47166442871094, 82.95933532714844, 85.33055114746094, 87.37264251708984, 88.37260437011719]}