{"ERQA": [0.719873381568011, 0.884284926202045, 0.9320346400653687, 0.9473987513114223, 0.9566910770275652, 0.9628065646305383, 0.9656367099545211], "LPIPS": [0.9237453499999999, 0.9738008099999999, 0.98120057, 0.9838739400000001, 0.9885848000000002, 0.9932180599999999, 0.9947720800000002], "MSSSIM": [0.8806024690469106, 0.8850938280423483, 0.8853785792986552, 0.885496606429418, 0.8855304916699728, 0.8855766852696737, 0.885584145784378], "PSNR": [27.178089141845703, 27.63982582092285, 27.680038452148438, 27.69114875793457, 27.695579528808594, 27.706127166748047, 27.709484100341797], "VMAFCLIPPED": [84.92115020751953, 105.45128631591797, 109.27529907226562, 110.96424102783203, 112.09625244140625, 113.28897094726562, 113.99822998046875], "VMAFNEG": [65.32764434814453, 76.84367370605469, 78.38561248779297, 78.90229034423828, 79.17066192626953, 79.49945068359375, 79.64988708496094]}