{"ERQA": [0.5172970567925924, 0.7200679746053309, 0.7879916604788134, 0.8240920965035834, 0.8596656604906238, 0.8912955753427503, 0.9059630757510112], "LPIPS": [0.6807992011173184, 0.831823441340782, 0.8975279888268156, 0.92596912849162, 0.9485684469273742, 0.963064530726257, 0.9697421620111732], "MSSSIM": [0.8899496595064799, 0.9160352547963461, 0.9248393972714742, 0.9277898768583933, 0.929328203201294, 0.92995485663414, 0.9302003681659698], "PSNR": [22.583045959472656, 23.167434692382812, 23.344327926635742, 23.39678192138672, 23.431787490844727, 23.450878143310547, 23.45746421813965], "VMAFCLIPPED": [45.99736785888672, 77.94277954101562, 95.0721435546875, 104.516357421875, 113.3696517944336, 119.88318634033203, 122.3907699584961], "VMAFNEG": [38.76356506347656, 61.55436325073242, 73.14815521240234, 78.99833679199219, 83.39088439941406, 85.68121337890625, 86.30110168457031]}