{"ERQA": [0.5118684362760264, 0.7185417062942099, 0.8028948423376308, 0.8428001689824888, 0.8809642146511688, 0.9061782988051467, 0.9163788705337457], "LPIPS": [0.6464595399999999, 0.7942579, 0.8532002599999999, 0.8871467100000001, 0.9212002499999999, 0.94451811, 0.95217153], "MSSSIM": [0.9399465322494507, 0.9564307928085327, 0.9610817929108938, 0.9625817239284515, 0.9634961982568105, 0.9637271960576376, 0.9637892345587412], "PSNR": [27.13067626953125, 27.893524169921875, 28.153017044067383, 28.23887062072754, 28.29749870300293, 28.324155807495117, 28.332956314086914], "VMAFCLIPPED": [53.748966217041016, 85.63640594482422, 102.28440856933594, 110.16394805908203, 117.63453674316406, 121.875, 123.68749237060547], "VMAFNEG": [44.99482345581055, 68.90167999267578, 79.93112182617188, 84.20374298095703, 87.23796844482422, 88.32673645019531, 88.66985321044922]}