{"ERQA": [0.32210013137143223, 0.6342965396514573, 0.7477013064119872, 0.8218603004594739, 0.8958687851834332, 0.9334582131632005, 0.9488333142324897, 0.967442826990778], "LPIPS": [0.71520984, 0.8812237399999999, 0.9442993300000001, 0.9659282, 0.9803151300000001, 0.98731161, 0.9907568800000002, 0.9958569100000001], "MSSSIM": [0.8748579323291779, 0.970740924278895, 0.9827932218710581, 0.9864445229371389, 0.9888425668080648, 0.9899670084317526, 0.990403970082601, 0.9909679989020029], "PSNR": [19.504411697387695, 21.799304962158203, 21.925180435180664, 21.97374725341797, 21.99799156188965, 22.007600784301758, 22.010765075683594, 22.0141544342041], "VMAF": [8.200626373291016, 77.88915252685547, 96.29863739013672, 99.79857635498047, 100.0, 100.0, 100.0, 100.0], "VMAFCLIPPED": [4.082362651824951, 78.44390106201172, 105.70268249511719, 118.61408996582031, 128.7070770263672, 134.47059631347656, 136.74856567382812, 139.48696899414062], "VMAFNEG": [5.921003818511963, 59.9774055480957, 76.1969223022461, 82.52269744873047, 86.75341796875, 88.53533935546875, 89.07886505126953, 89.57068634033203]}