{"ERQA": [0.2944165203450751, 0.5878700270883594, 0.6953333613839995, 0.754910435406097, 0.8164699720038668, 0.8597486084398006, 0.8785871660148205, 0.9040720507830313], "LPIPS": [0.5830841675977654, 0.7448828156424581, 0.8189949162011171, 0.8675344581005586, 0.9189400279329608, 0.9524463910614526, 0.964711849162011, 0.9784058212290502], "MSSSIM": [0.8430924216906229, 0.9396551251411438, 0.9612819651762644, 0.9716682434082031, 0.980654259522756, 0.9855750699838003, 0.9871738155682882, 0.9887795945008596], "PSNR": [21.18539047241211, 25.22264862060547, 25.920305252075195, 26.230239868164062, 26.446523666381836, 26.534055709838867, 26.555517196655273, 26.579233169555664], "VMAF": [8.11663818359375, 53.545867919921875, 76.88262176513672, 92.21232604980469, 99.03321075439453, 99.9849624633789, 100.0, 100.0], "VMAFCLIPPED": [4.277523517608643, 53.545867919921875, 76.88262176513672, 92.97110748291016, 110.29012298583984, 121.76054382324219, 126.19850158691406, 131.2304229736328], "VMAFNEG": [6.950380325317383, 46.82517623901367, 64.11752319335938, 74.54345703125, 84.0310287475586, 88.8833236694336, 90.3299331665039, 91.6142349243164]}