{"ERQA": [0.28964794712170555, 0.6230934585686358, 0.7423837900792124, 0.8015576824781355, 0.8552872039070348, 0.8920640370626138, 0.9076423731986117, 0.9259725831014805], "LPIPS": [0.586384165, 0.7514547999999999, 0.82330927, 0.8691522950000001, 0.91850046, 0.9516431299999999, 0.9638452599999999, 0.9771023149999999], "MSSSIM": [0.8985860745112101, 0.9667674203713735, 0.9802888830502828, 0.9860148429870605, 0.9904659589131674, 0.9928958018620809, 0.9937177499135336, 0.9945939083894094], "PSNR": [25.160930633544922, 28.1763973236084, 28.6751766204834, 28.857187271118164, 28.994407653808594, 29.058528900146484, 29.07980728149414, 29.101003646850586], "VMAF": [20.243324279785156, 69.58807373046875, 93.05448150634766, 99.23834228515625, 99.94966888427734, 100.0, 100.0, 100.0], "VMAFCLIPPED": [19.53898811340332, 69.62104034423828, 93.75764465332031, 106.6134262084961, 118.25343322753906, 125.56084442138672, 128.44403076171875, 131.74732971191406], "VMAFNEG": [16.493614196777344, 58.30162811279297, 75.83202362060547, 83.53678894042969, 88.8663101196289, 91.13885498046875, 91.76673126220703, 92.30201721191406]}