{"ERQA": [0.16672585797563969, 0.17137329992120662, 0.1665675945760861, 0.16677711783023366, 0.167407801598133, 0.16667625765131147, 0.1673352540079214], "LPIPS": [0.8846122500000001, 0.92783001, 0.9344768299999998, 0.93976478, 0.9444558399999999, 0.9501035600000002, 0.9550893900000001], "MSSSIM": [0.979012926419576, 0.984912226597468, 0.9857194622357687, 0.9863179822762808, 0.9867344001928965, 0.9870753387610117, 0.9873930613199869], "PSNR": [21.850936889648438, 21.979883193969727, 21.997730255126953, 22.009750366210938, 22.018587112426758, 22.02564239501953, 22.027339935302734], "VMAFCLIPPED": [87.33045196533203, 102.71691131591797, 104.83380126953125, 106.45280456542969, 108.02252960205078, 109.24286651611328, 110.04920959472656], "VMAFNEG": [69.22112274169922, 79.61466979980469, 81.0963363647461, 82.04792022705078, 82.77268981933594, 83.23100280761719, 83.46753692626953]}