{"ERQA": [0.17884814674774524, 0.20584584670223657, 0.21408524042868782, 0.219769640303973, 0.2257336770427814, 0.23014555497607322, 0.2330026682158004], "LPIPS": [0.697539407821229, 0.7932695083798882, 0.838260810055866, 0.8774002122905028, 0.9111453966480448, 0.9383076201117317, 0.9483692737430168], "MSSSIM": [0.9450328747431437, 0.9668354392051697, 0.9743126432100931, 0.9796339670817057, 0.9836965302626292, 0.9864815771579742, 0.9874991277853647], "PSNR": [25.424713134765625, 26.10358238220215, 26.307815551757812, 26.441755294799805, 26.536643981933594, 26.602108001708984, 26.626794815063477], "VMAFCLIPPED": [48.07079315185547, 74.4452896118164, 86.39724731445312, 96.05126953125, 103.81649780273438, 109.06717681884766, 110.6864013671875], "VMAFNEG": [42.709598541259766, 64.20417022705078, 73.3418960571289, 80.13534545898438, 85.31411743164062, 88.47920989990234, 89.35923767089844]}