{"ERQA": [0.07075438547019473, 0.09248303279493186, 0.10556150772585017, 0.11073028327591805, 0.11471575059703172, 0.11840511457027236, 0.11984260520801404], "LPIPS": [0.6235362750000001, 0.72000837, 0.811439595, 0.849317475, 0.8794935000000002, 0.90346856, 0.9201558049999999], "MSSSIM": [0.9586499730745951, 0.9760818183422089, 0.9860679805278778, 0.9889118373394012, 0.9908629457155863, 0.9922771553198496, 0.9932839473088583], "PSNR": [27.829124450683594, 28.479888916015625, 28.844593048095703, 28.940237045288086, 29.00921630859375, 29.064208984375, 29.10209083557129], "VMAFCLIPPED": [47.35862350463867, 75.43526458740234, 96.64198303222656, 103.04183197021484, 107.3587875366211, 110.42636108398438, 112.43717956542969], "VMAFNEG": [41.2686882019043, 64.49815368652344, 80.03414154052734, 84.10413360595703, 86.65174102783203, 88.28209686279297, 89.25663757324219]}