{"ERQA": [0.7902353723302329, 0.8777576832425513, 0.8947063792415995, 0.9009921463490171, 0.9061867222688177, 0.9092023648876361, 0.9104673472088356, 0.9117765931243694], "LPIPS": [0.9515791, 0.9700828200000001, 0.9733693599999999, 0.97445784, 0.97559146, 0.9763396299999999, 0.97665641, 0.9770188700000001], "MSSSIM": [0.9854685266812643, 0.9879409670829773, 0.9882339338461558, 0.9883654713630676, 0.9885175426801046, 0.9886193871498108, 0.9886543651421865, 0.9886969824632009], "PSNR": [21.95029067993164, 21.981342315673828, 21.989458084106445, 21.999439239501953, 22.007606506347656, 22.011314392089844, 22.012256622314453, 22.013179779052734], "VMAF": [99.6552734375, 100.0, 100.0, 100.0, 100.0, 100.0, 100.0, 100.0], "VMAFCLIPPED": [110.43383026123047, 118.8326416015625, 120.10818481445312, 120.53453063964844, 121.47908782958984, 122.18234252929688, 122.4531021118164, 122.66738891601562], "VMAFNEG": [79.17578125, 83.8075180053711, 84.5931625366211, 85.0105209350586, 85.4936294555664, 85.7821273803711, 85.86834716796875, 85.94029998779297]}