{"ERQA": [0.6282480000240324, 0.7316937285888878, 0.7481723746058675, 0.7528381455472133, 0.756830523950533, 0.7599352940375436, 0.7610627535255375, 0.7624719337924817], "LPIPS": [0.7462865865921787, 0.8496150782122904, 0.8888860446927375, 0.9050733966480448, 0.9155073072625699, 0.91998743575419, 0.9213821173184358, 0.9235043798882682], "MSSSIM": [0.951157291730245, 0.9700651168823242, 0.9764130214850107, 0.9795385301113129, 0.9819928507010142, 0.9832793871561686, 0.9837339123090109, 0.9843672017256418], "PSNR": [25.407024383544922, 25.86088752746582, 26.003585815429688, 26.084692001342773, 26.160919189453125, 26.20618438720703, 26.221689224243164, 26.23890495300293], "VMAF": [65.24464416503906, 94.0088119506836, 99.94943237304688, 100.0, 100.0, 100.0, 100.0, 100.0], "VMAFCLIPPED": [65.24464416503906, 94.06451416015625, 107.99029541015625, 114.04386138916016, 118.81731414794922, 121.16382598876953, 121.77236938476562, 122.34942626953125], "VMAFNEG": [53.1602897644043, 71.55488586425781, 79.3114013671875, 82.72124481201172, 85.40347290039062, 86.74958801269531, 87.16580200195312, 87.5977554321289]}