{"ERQA": [0.66527619568512, 0.7372339069151188, 0.7529869519085667, 0.7618596434676083, 0.7719181535030009, 0.7767431020413529, 0.7774459322359357, 0.7777189858561393], "LPIPS": [0.7884448850000001, 0.8741910199999999, 0.9025358950000001, 0.91559293, 0.92687237, 0.9326841849999999, 0.9344089099999999, 0.93815096], "MSSSIM": [0.9723984599113464, 0.9825256367524465, 0.9860212405522665, 0.9876793821652731, 0.9892370402812958, 0.9901273548603058, 0.9904591143131256, 0.9911035497983297], "PSNR": [28.03371238708496, 28.350494384765625, 28.478609085083008, 28.542564392089844, 28.606788635253906, 28.639245986938477, 28.649873733520508, 28.668235778808594], "VMAF": [83.03543853759766, 99.43781280517578, 99.92611694335938, 99.984619140625, 100.0, 100.0, 100.0, 100.0], "VMAFCLIPPED": [83.20240783691406, 106.34768676757812, 114.93318176269531, 119.06527709960938, 123.16500091552734, 125.42901611328125, 126.1186294555664, 127.05464935302734], "VMAFNEG": [62.25569534301758, 76.36347961425781, 80.96661376953125, 82.9865493774414, 84.7344741821289, 85.59737396240234, 85.84268188476562, 86.1852035522461]}