{"ERQA": [0.6031450598421283, 0.6441250652300252, 0.6540780331605407, 0.6597945854155458, 0.6669862366939434, 0.6733265150155476, 0.6762280818633342, 0.6788277042932519], "LPIPS": [0.9033170299999997, 0.9256006000000001, 0.93120822, 0.9381157099999998, 0.94335599, 0.9461035299999999, 0.94686002, 0.9474889499999999], "MSSSIM": [0.9823906222979227, 0.9855801065762838, 0.9861783186594645, 0.9865694046020508, 0.9870085716247559, 0.9873242179552714, 0.9874460796515147, 0.987576405207316], "PSNR": [21.914382934570312, 21.951251983642578, 21.96033477783203, 21.968862533569336, 21.97832679748535, 21.983047485351562, 21.984619140625, 21.986265182495117], "VMAFCLIPPED": [93.15745544433594, 100.7798080444336, 102.01934051513672, 102.55329132080078, 103.54005432128906, 104.36061096191406, 104.6607666015625, 104.9368896484375], "VMAFNEG": [72.77793884277344, 77.75943756103516, 78.61053466796875, 79.07007598876953, 79.66602325439453, 80.05634307861328, 80.19187927246094, 80.29122924804688]}