{"ERQA": [0.5227407560400303, 0.6169410140246105, 0.6544178680219809, 0.672179518896985, 0.6923447487845223, 0.7059044996328526, 0.7117569074309401, 0.718210913268159], "LPIPS": [0.708972530726257, 0.8101830837988828, 0.8647685810055866, 0.8944008547486034, 0.9186478826815643, 0.9317196592178769, 0.9367395083798884, 0.9438190223463687], "MSSSIM": [0.9512293835481008, 0.9715245266755422, 0.979153166214625, 0.9826679527759552, 0.9854436814785004, 0.9869662821292877, 0.9875765244166056, 0.9883564611275991], "PSNR": [25.614595413208008, 26.187379837036133, 26.375917434692383, 26.45756721496582, 26.530269622802734, 26.575244903564453, 26.59104347229004, 26.607072830200195], "VMAFCLIPPED": [52.452415466308594, 78.72949981689453, 91.24812316894531, 96.71968841552734, 101.21275329589844, 103.51812744140625, 104.26431274414062, 104.95423889160156], "VMAFNEG": [46.72415542602539, 67.78824615478516, 76.904296875, 80.62538146972656, 83.6003189086914, 85.1088638305664, 85.57945251464844, 85.96993255615234]}