{"ERQA": [0.4827633291136372, 0.5854637244917145, 0.6249474389472954, 0.6455699691461397, 0.6704666634106057, 0.6901063026455639, 0.6987378214215507, 0.7104968681673149], "LPIPS": [0.703282205, 0.79676598, 0.8389748699999999, 0.860243835, 0.8813852649999998, 0.895200925, 0.9012577500000001, 0.913611205], "MSSSIM": [0.9739411572615305, 0.9852105180422465, 0.9889314273993174, 0.9905746380488077, 0.9921422104040781, 0.9931180477142334, 0.9935107231140137, 0.9942557513713837], "PSNR": [28.390615463256836, 28.777982711791992, 28.89706802368164, 28.952096939086914, 29.01759147644043, 29.062679290771484, 29.080190658569336, 29.10674476623535], "VMAFCLIPPED": [68.26538848876953, 90.13359069824219, 98.0680160522461, 101.74681854248047, 105.35403442382812, 107.25501251220703, 107.94989013671875, 108.77365112304688], "VMAFNEG": [58.61997985839844, 75.35358428955078, 80.68003845214844, 82.9713363647461, 85.146484375, 86.31977081298828, 86.72541046142578, 87.191162109375]}