{"ERQA": [0.6961355832824817, 0.7511649273795179, 0.7622593502929037, 0.7727310194015394, 0.7754406828649945, 0.7811780383580674, 0.7841116459254773, 0.7862264315196752], "LPIPS": [0.90128908, 0.92417058, 0.9289715099999999, 0.93316762, 0.9387117899999998, 0.94121723, 0.94214172, 0.94267395], "MSSSIM": [0.9827051957448324, 0.9859193166097006, 0.9865586857000986, 0.9868300755818685, 0.98712690671285, 0.9872825642426809, 0.9873328804969788, 0.987344870964686], "PSNR": [21.851133346557617, 21.864246368408203, 21.873336791992188, 21.879364013671875, 21.888498306274414, 21.891725540161133, 21.892250061035156, 21.893476486206055], "VMAF": [97.85372161865234, 100.0, 100.0, 100.0, 100.0, 100.0, 100.0, 100.0], "VMAFCLIPPED": [102.51861572265625, 111.2021713256836, 112.71237182617188, 113.49388122558594, 114.4228744506836, 114.81353759765625, 114.99925994873047, 115.14598083496094], "VMAFNEG": [73.22908020019531, 77.96185302734375, 78.92166900634766, 79.3763656616211, 79.81962585449219, 80.10038757324219, 80.15458679199219, 80.21765899658203]}