{"ERQA": [0.5667141847782539, 0.6791637265225212, 0.7217196440066227, 0.739975957137875, 0.753096121250111, 0.7626259097762249, 0.7645463785231106, 0.7666996834704386], "LPIPS": [0.7204563687150838, 0.8235752625698324, 0.8751479217877095, 0.8994881564245809, 0.9171998659217878, 0.927224681564246, 0.9304847262569833, 0.9337624804469273], "MSSSIM": [0.9514669974644979, 0.97134730219841, 0.978621651728948, 0.9816464285055796, 0.9836867948373159, 0.9846571882565817, 0.9849730531374613, 0.9851895968119303], "PSNR": [25.617177963256836, 26.14775276184082, 26.303897857666016, 26.373889923095703, 26.42119598388672, 26.447999954223633, 26.45519256591797, 26.460054397583008], "VMAF": [59.69899368286133, 86.59228515625, 98.97914123535156, 99.93672180175781, 100.0, 100.0, 100.0, 100.0], "VMAFCLIPPED": [59.69899368286133, 86.59228515625, 100.33304595947266, 106.6131591796875, 111.32801055908203, 113.75, 114.31326293945312, 114.68960571289062], "VMAFNEG": [51.00867462158203, 69.94929504394531, 78.39972686767578, 81.99522399902344, 84.3634033203125, 85.55433654785156, 85.85311889648438, 86.02165985107422]}