{"ERQA": [0.5644806302667392, 0.6539026912255254, 0.6842046433743705, 0.6959234966599118, 0.708956727601578, 0.7153412729112704, 0.7168139990136408, 0.7209470743198682], "LPIPS": [0.722224855, 0.814212445, 0.8513038900000001, 0.867191115, 0.882138075, 0.8891392149999998, 0.892077855, 0.8954974949999999], "MSSSIM": [0.9736425975958506, 0.9844586054484049, 0.9876316587130228, 0.9888835151990255, 0.9899260401725769, 0.9904062946637472, 0.9905752837657928, 0.9907156129678091], "PSNR": [28.364559173583984, 28.71827507019043, 28.806997299194336, 28.842082977294922, 28.87348175048828, 28.892261505126953, 28.895429611206055, 28.901540756225586], "VMAF": [74.43106842041016, 95.39056396484375, 99.76934814453125, 99.95712280273438, 100.0, 100.0, 100.0, 100.0], "VMAFCLIPPED": [74.43106842041016, 96.92579650878906, 104.67469787597656, 108.14164733886719, 111.02704620361328, 112.2117691040039, 112.6548843383789, 112.99666595458984], "VMAFNEG": [61.278961181640625, 76.67124938964844, 81.20732879638672, 82.95925903320312, 84.4218978881836, 85.07723999023438, 85.27396392822266, 85.43466186523438]}