{"ERQA": [0.4089493097754608, 0.617233486426731, 0.7359445417250494, 0.8168917842598594, 0.8769914914124276, 0.8983958098797208, 0.9032328318044848, 0.9097200774215638], "LPIPS": [0.7688577199999999, 0.8914642900000002, 0.9432932799999999, 0.9619115300000003, 0.9721566099999999, 0.97524763, 0.9761450799999999, 0.9768489499999999], "MSSSIM": [0.9253449936707815, 0.9734926124413809, 0.9837262332439423, 0.9865017731984457, 0.9879556894302368, 0.988440752029419, 0.9885680973529816, 0.9886751770973206], "PSNR": [20.716459274291992, 21.721454620361328, 21.933256149291992, 21.97563934326172, 22.00152015686035, 22.009525299072266, 22.01161003112793, 22.012693405151367], "VMAF": [22.82250213623047, 74.39144134521484, 95.36643981933594, 99.47074127197266, 100.0, 100.0, 100.0, 100.0], "VMAFCLIPPED": [22.66920280456543, 74.39144134521484, 98.98137664794922, 108.72928619384766, 115.50428009033203, 119.00489044189453, 120.41390228271484, 121.9273452758789], "VMAFNEG": [18.46841049194336, 58.6861572265625, 74.7998275756836, 80.19982147216797, 83.5543441772461, 84.93901062011719, 85.38269805908203, 85.78618621826172], "VMAFNEGSHIFTED": [18.698204040527344, 58.53301239013672, 74.53974151611328, 79.96897888183594, 83.3232192993164, 84.71499633789062, 85.16739654541016, 85.57799530029297], "VMAFSHIFTED": [23.346105575561523, 74.40280151367188, 99.0941162109375, 109.00458526611328, 115.81000518798828, 119.3813247680664, 120.83734130859375, 122.3633041381836]}