{"ERQA": [0.30287002191844936, 0.5607533640658358, 0.6654645961501168, 0.7124714385216916, 0.7358986739551866, 0.7505382387336221, 0.7556641173123116, 0.7620531042486052], "LPIPS": [0.5892282122905027, 0.7379559217877095, 0.8184587094972066, 0.8639053128491619, 0.8990047318435755, 0.9137731508379889, 0.9183565363128491, 0.923022279329609], "MSSSIM": [0.8866318066914877, 0.9379460414250692, 0.9595454434553782, 0.9697868724664053, 0.9774712324142456, 0.981283446153005, 0.9825152059396108, 0.9838045140107473], "PSNR": [23.433820724487305, 24.84129524230957, 25.53075408935547, 25.838085174560547, 26.05380630493164, 26.15364646911621, 26.17584228515625, 26.211910247802734], "VMAF": [10.805230140686035, 48.714263916015625, 72.69048309326172, 89.29481506347656, 99.3846435546875, 100.0, 100.0, 100.0], "VMAFCLIPPED": [10.805230140686035, 48.714263916015625, 72.69048309326172, 89.29481506347656, 105.08075714111328, 114.1091537475586, 117.28841400146484, 120.44608306884766], "VMAFNEG": [9.296295166015625, 41.98169708251953, 60.04685592651367, 71.21794891357422, 80.4068603515625, 84.6700210571289, 85.89421844482422, 87.03147888183594], "VMAFNEGSHIFTED": [9.454700469970703, 42.091365814208984, 60.10820770263672, 71.23646545410156, 80.40420532226562, 84.64857482910156, 85.86155700683594, 86.99776458740234], "VMAFSHIFTED": [11.07659912109375, 48.842796325683594, 72.89698791503906, 89.41708374023438, 105.16926574707031, 114.17152404785156, 117.33853149414062, 120.44451904296875]}