{"ERQA": [0.31219152786320475, 0.6014214011896283, 0.6954477364978782, 0.729102514489347, 0.75543731592252, 0.7709308409994822, 0.7759278949526563, 0.7791694761388115], "LPIPS": [0.595853355, 0.7672289499999999, 0.85084874, 0.8869856999999999, 0.914591135, 0.92892942, 0.93351448, 0.93820449], "MSSSIM": [0.9266357819239298, 0.9658439854780833, 0.977120041847229, 0.9821839729944865, 0.9865491489569346, 0.9889996747175852, 0.9898587564627329, 0.9907813469568888], "PSNR": [26.321239471435547, 27.78824234008789, 28.1729736328125, 28.367860794067383, 28.5316104888916, 28.612911224365234, 28.637470245361328, 28.660341262817383], "VMAF": [22.988304138183594, 66.7254867553711, 90.39417266845703, 98.76956176757812, 100.0, 100.0, 100.0, 100.0], "VMAFCLIPPED": [22.988304138183594, 66.7254867553711, 90.53069305419922, 102.77445220947266, 113.33761596679688, 119.59956359863281, 121.9724349975586, 124.73983764648438], "VMAFNEG": [19.390504837036133, 54.072391510009766, 70.0368881225586, 77.35987854003906, 82.57321166992188, 84.84598541259766, 85.49081420898438, 86.04843139648438], "VMAFNEGSHIFTED": [19.29799461364746, 54.10803985595703, 70.07160186767578, 77.3706283569336, 82.55885314941406, 84.81034851074219, 85.44546508789062, 85.99868774414062], "VMAFSHIFTED": [23.07229995727539, 66.90653991699219, 90.463623046875, 102.80750274658203, 113.3574447631836, 119.65336608886719, 121.9416275024414, 124.64349365234375]}