{
  
  "ERQA": [ 0.5268888232355856, 0.5601477753991668, 0.5698736105646204, 0.574716583703038, 0.5817782128070051, 0.5878440807412062, 0.5914107497993043, 0.59416751854631 ],
  "LPIPS": [ 0.90746899, 0.9283561899999999, 0.93389598, 0.9406699399999998, 0.9454078699999999, 0.9479445600000002, 0.9486426900000001, 0.9492061700000001 ],
  "MSSSIM": [ 0.9779103795687357, 0.9806934793790182, 0.9812257488568624, 0.9815156956513723, 0.9818619191646576, 0.9821219344933828, 0.9822185834248861, 0.9823335607846578 ],
  "PSNR": [ 21.585308074951172, 21.58855628967285, 21.59371566772461, 21.600725173950195, 21.605798721313477, 21.60834503173828, 21.608680725097656, 21.609554290771484 ],
  "VMAFCLIPPED": [ 71.43033599853516, 75.06637573242188, 75.6361083984375, 75.9284439086914, 76.4364242553711, 76.96520233154297, 77.17642974853516, 77.37313079833984 ],
  "VMAFNEG": [ 52.374229431152344, 54.400726318359375, 54.80105209350586, 55.006080627441406, 55.25969314575195, 55.42898178100586, 55.48579025268555, 55.53916931152344 ]
}