{
  
  "ERQA": [ 0.49941808642758734, 0.5833493661565542, 0.6125483082833645, 0.6255435649542314, 0.6385921517731812, 0.6468075355177482, 0.6500655805701997, 0.6539885646663376 ],
  "LPIPS": [ 0.720271877094972, 0.8216999497206704, 0.8751266312849163, 0.9036319441340781, 0.9265954525139666, 0.9387809273743016, 0.9433803687150839, 0.9496553016759776 ],
  "MSSSIM": [ 0.9474144279956818, 0.9655340512593588, 0.9719315270582835, 0.9747206469376882, 0.9767941435178121, 0.9778885940710703, 0.9783177971839905, 0.9788464605808258 ],
  "PSNR": [ 25.10451316833496, 25.48630142211914, 25.593236923217773, 25.63788414001465, 25.67074966430664, 25.6890869140625, 25.695165634155273, 25.701889038085938 ],
  "VMAFCLIPPED": [ 45.818458557128906, 62.53056716918945, 69.25349426269531, 71.9346694946289, 73.87010192871094, 74.85755920410156, 75.16387176513672, 75.48139190673828 ],
  "VMAFNEG": [ 39.3930549621582, 51.8448486328125, 56.162559509277344, 57.696876525878906, 58.78139877319336, 59.2935791015625, 59.444000244140625, 59.55698013305664 ]
}