{"ERQA": [0.4679917044850723, 0.5591005747167103, 0.5908739618342702, 0.6065562525654986, 0.6203018237412773, 0.6301624729476303, 0.6338242158257869, 0.6392797923455894], "LPIPS": [0.7221845899999999, 0.8170385400000001, 0.858349015, 0.8786039999999999, 0.8980577349999999, 0.9099220200000001, 0.915202825, 0.925275685], "MSSSIM": [0.9705839653809866, 0.9804433385531107, 0.9834859669208527, 0.9847417771816254, 0.9858904381593069, 0.986580898364385, 0.9868432978789011, 0.9873252908388773], "PSNR": [27.937971115112305, 28.191007614135742, 28.2514591217041, 28.27557373046875, 28.298965454101562, 28.312238693237305, 28.31673240661621, 28.323951721191406], "VMAFCLIPPED": [58.319190979003906, 72.4549331665039, 76.9300537109375, 78.74215698242188, 80.44772338867188, 81.31713104248047, 81.65316772460938, 82.05689239501953], "VMAFNEG": [48.37754821777344, 58.766300201416016, 61.58309555053711, 62.668128967285156, 63.60791778564453, 64.07054901123047, 64.23014831542969, 64.40196228027344]}