{"ERQA": [0.4306742356269296, 0.6558473400325237, 0.7757006910110823, 0.83567995347018, 0.876962465097556, 0.8924161665015131, 0.8970096671518935, 0.9002564597319549], "LPIPS": [0.80801943, 0.9198132699999999, 0.9555475099999999, 0.9668045699999999, 0.9733414499999999, 0.97565211, 0.9762858099999998, 0.9767677299999998], "MSSSIM": [0.9313844243685404, 0.9755823115507761, 0.9836793740590414, 0.9858471949895223, 0.9871948460737864, 0.9877862830956777, 0.9879487852255503, 0.9880873958269755], "PSNR": [20.704557418823242, 21.723623275756836, 21.916793823242188, 21.9559268951416, 21.98223304748535, 21.992700576782227, 21.995779037475586, 21.997840881347656], "VMAF": [30.944311141967773, 83.6008071899414, 98.08480834960938, 99.90740203857422, 100.0, 100.0, 100.0, 100.0], "VMAFCLIPPED": [30.9296932220459, 83.6008071899414, 103.85311889648438, 111.36637878417969, 116.20801544189453, 118.7782211303711, 119.81929779052734, 120.84030151367188], "VMAFNEG": [23.54391098022461, 62.00151443481445, 75.39012908935547, 79.69520568847656, 82.43834686279297, 83.71256256103516, 84.114013671875, 84.47147369384766], "VMAFNEGSHIFTED": [23.662168502807617, 61.782691955566406, 75.193359375, 79.56515502929688, 82.32067108154297, 83.57478332519531, 83.97508239746094, 84.32528686523438], "VMAFSHIFTED": [31.68508529663086, 83.9268798828125, 104.1878433227539, 111.60631561279297, 116.7140121459961, 119.19451904296875, 120.314697265625, 121.3973159790039]}