{"ERQA": [0.3355515670283904, 0.5777155042429365, 0.6677335019706964, 0.7092420620097477, 0.7408904499531898, 0.7641109140102885, 0.7722711332655421, 0.7805480457426561], "LPIPS": [0.6070207094972068, 0.7275085754189945, 0.804671782122905, 0.8496815139664804, 0.8906781564245809, 0.9112015977653631, 0.917557061452514, 0.9233805586592179], "MSSSIM": [0.892566035191218, 0.9420069853464762, 0.9603436489899954, 0.9695574939250946, 0.9776252408822378, 0.9819848835468292, 0.9833420813083649, 0.9847009579340616], "PSNR": [23.42125129699707, 24.888465881347656, 25.52672004699707, 25.81104278564453, 26.02159881591797, 26.13406753540039, 26.16214370727539, 26.200048446655273], "VMAF": [15.782927513122559, 52.750057220458984, 73.78591918945312, 88.35506439208984, 99.30755615234375, 100.0, 100.0, 100.0], "VMAFCLIPPED": [15.782927513122559, 52.750057220458984, 73.78591918945312, 88.35506439208984, 103.3333511352539, 112.59658813476562, 115.65707397460938, 118.61428833007812], "VMAFNEG": [13.550102233886719, 44.41143798828125, 60.449405670166016, 70.6774673461914, 79.82964324951172, 84.45550537109375, 85.78650665283203, 86.97045135498047], "VMAFNEGSHIFTED": [13.758954048156738, 44.490882873535156, 60.535743713378906, 70.7393569946289, 79.85004425048828, 84.45511627197266, 85.78089904785156, 86.96121978759766], "VMAFSHIFTED": [16.139236450195312, 52.84622573852539, 73.89083099365234, 88.42985534667969, 103.35567474365234, 112.58824920654297, 115.638916015625, 118.58955383300781]}