{"ERQA": [0.3856538603055972, 0.6206340654407051, 0.6917343058044145, 0.7244237982808543, 0.7550664308509236, 0.7729247440206944, 0.7789250033060258, 0.7847301734909875], "LPIPS": [0.63250631, 0.7798919449999999, 0.84378984, 0.87599504, 0.906586085, 0.92346394, 0.9289936349999999, 0.934899645], "MSSSIM": [0.9297606746355692, 0.9660328924655914, 0.9763426085313162, 0.9818040629227957, 0.9866563081741333, 0.9891939759254456, 0.9900365074475607, 0.9909794628620148], "PSNR": [26.194326400756836, 27.653606414794922, 28.0545597076416, 28.273042678833008, 28.463417053222656, 28.558801651000977, 28.589370727539062, 28.6214599609375], "VMAF": [30.778764724731445, 71.25233459472656, 91.71973419189453, 99.09749603271484, 100.0, 100.0, 100.0, 100.0], "VMAFCLIPPED": [30.778764724731445, 71.25233459472656, 92.15409088134766, 103.55987548828125, 114.02975463867188, 120.15252685546875, 122.30810546875, 124.98184204101562], "VMAFNEG": [24.204389572143555, 54.80715560913086, 69.26283264160156, 76.50857543945312, 82.03996276855469, 84.4853744506836, 85.20536804199219, 85.8995132446289], "VMAFNEGSHIFTED": [24.073444366455078, 54.840553283691406, 69.34001159667969, 76.56774139404297, 82.07511138916016, 84.5159683227539, 85.23001861572266, 85.91850280761719], "VMAFSHIFTED": [30.991003036499023, 71.34107208251953, 92.31873321533203, 103.6245346069336, 114.09058380126953, 120.18280792236328, 122.37641906738281, 125.0346450805664]}