{"ERQA": [0.5489277302727994, 0.5909216592356524, 0.6061824623274376, 0.6171810826443895, 0.6248111533594373, 0.6289253076999073, 0.6318817358076717], "LPIPS": [0.87715395, 0.91736706, 0.9235221200000001, 0.9282929, 0.93268197, 0.9383567300000002, 0.9434456399999999], "MSSSIM": [0.9762321015199026, 0.9813564221064249, 0.9819946686426798, 0.9824731945991516, 0.9827994108200073, 0.9830512603123983, 0.9832741320133209], "PSNR": [21.51563835144043, 21.559682846069336, 21.564563751220703, 21.567813873291016, 21.56904411315918, 21.5711612701416, 21.57086753845215], "VMAFCLIPPED": [70.1652603149414, 77.7589111328125, 78.57929992675781, 79.27630615234375, 80.11981201171875, 80.72434997558594, 81.1884994506836], "VMAFNEG": [52.18308639526367, 56.5649528503418, 57.10618209838867, 57.41431427001953, 57.66519546508789, 57.822242736816406, 57.89006042480469]}