{"ERQA": [0.47641439246790745, 0.5734736325073923, 0.6043252476118798, 0.6268962754352277, 0.6472684271493345, 0.6629004841436617, 0.6691397380967543], "LPIPS": [0.6978858882681563, 0.7930374972067039, 0.8375095027932961, 0.8754623687150838, 0.9072843184357543, 0.9318739720670389, 0.9406677821229049], "MSSSIM": [0.9422727823257446, 0.9620766242345175, 0.9686248699824015, 0.9730775753657023, 0.9763005375862122, 0.9783325095971426, 0.9790449440479279], "PSNR": [25.047060012817383, 25.51870346069336, 25.643789291381836, 25.714359283447266, 25.75174903869629, 25.76951789855957, 25.777490615844727], "VMAFCLIPPED": [42.07221603393555, 59.47671127319336, 66.178466796875, 70.95439910888672, 74.33055114746094, 76.3550796508789, 76.89796447753906], "VMAFNEG": [36.24965286254883, 49.59194564819336, 54.29469680786133, 57.31654739379883, 59.23420333862305, 60.165557861328125, 60.37955856323242]}