{"ERQA": [0.37301040708598626, 0.504514659914139, 0.5760442828780936, 0.5990771208041891, 0.6169115691730114, 0.6291972171929311, 0.6368693047105639], "LPIPS": [0.621115025, 0.7169281950000002, 0.806217805, 0.842340545, 0.8703295200000001, 0.8919389899999999, 0.9061917450000001], "MSSSIM": [0.9567980170249939, 0.9728377858797709, 0.9814941386381785, 0.9837504128615061, 0.9852109650770823, 0.9861943026383718, 0.9868740439414978], "PSNR": [27.53467559814453, 28.024396896362305, 28.256772994995117, 28.299591064453125, 28.324254989624023, 28.3398494720459, 28.349925994873047], "VMAFCLIPPED": [42.640254974365234, 62.77442932128906, 75.47555541992188, 78.76631164550781, 80.73749542236328, 82.0921401977539, 82.89137268066406], "VMAFNEG": [35.98674774169922, 51.9940071105957, 60.922210693359375, 62.84387969970703, 63.8961296081543, 64.5058822631836, 64.83159637451172]}