{"ERQA": [0.25518369796566237, 0.6517426996011431, 0.684017502686522, 0.6920198906752502, 0.7022052656844714, 0.7073710436839498, 0.7078712536635643], "LPIPS": [0.7898313434343435, 0.91554381, 0.92633074, 0.92916373, 0.9341234500000002, 0.93698275, 0.93711482], "MSSSIM": [0.8314255277315775, 0.985288163026174, 0.9866902132829031, 0.9870175421237946, 0.9874396125475565, 0.9877537687619528, 0.9877702494462332], "PSNR": [17.41497230529785, 21.648012161254883, 21.67418670654297, 21.68222999572754, 21.690223693847656, 21.697153091430664, 21.697519302368164], "VMAFCLIPPED": [-0.019791128113865852, 98.63543701171875, 101.81483459472656, 102.48544311523438, 103.75621795654297, 104.69539642333984, 104.726806640625], "VMAFNEG": [4.494129657745361, 76.60071563720703, 78.69175720214844, 79.14079284667969, 79.82813262939453, 80.25447845458984, 80.27228546142578]}