{"ERQA": [0.4867072202998529, 0.6010231378005542, 0.6479427197881718, 0.6743087954043755, 0.6978009794139841, 0.7159603232328652, 0.7278557579187172], "LPIPS": [0.6960482402234637, 0.7973367262569833, 0.8508637206703911, 0.8802919385474859, 0.9027176703910615, 0.9176385642458099, 0.9280618324022346], "MSSSIM": [0.942221204439799, 0.9693167010943095, 0.9786464472611746, 0.9827665388584137, 0.9857148230075836, 0.9875149329503378, 0.9886359175046285], "PSNR": [25.0202579498291, 25.90816307067871, 26.17108917236328, 26.280399322509766, 26.36354637145996, 26.413984298706055, 26.43932342529297], "VMAFCLIPPED": [43.31888961791992, 71.02936553955078, 85.71156311035156, 93.3188705444336, 99.34738159179688, 102.9822006225586, 104.7021484375], "VMAFNEG": [38.29570388793945, 61.62351608276367, 73.10730743408203, 78.53070831298828, 82.60418701171875, 84.84133911132812, 85.83064270019531]}