{"ERQA": [0.4002433916052265, 0.5344137460440969, 0.5899598584903923, 0.6194438246390664, 0.6396398988915224, 0.6651080300075931, 0.6841530026366042], "LPIPS": [0.633695855, 0.729704985, 0.7737933600000001, 0.80502693, 0.8268849, 0.847912515, 0.8674045050000001], "MSSSIM": [0.9628756940364838, 0.9811372061570486, 0.9870130121707916, 0.9898171623547872, 0.9914525250593821, 0.9929017523924509, 0.9939248959223429], "PSNR": [27.59842872619629, 28.415607452392578, 28.637210845947266, 28.73884391784668, 28.797697067260742, 28.857574462890625, 28.8978328704834], "VMAFCLIPPED": [48.69712829589844, 78.42878723144531, 92.02572631835938, 98.44764709472656, 102.00679779052734, 105.64501953125, 107.69380187988281], "VMAFNEG": [41.925628662109375, 66.70594024658203, 76.9583969116211, 81.2913818359375, 83.56712341308594, 85.59777069091797, 86.64813995361328]}