{"ERQA": [0.4488865974254412, 0.5523076676365605, 0.5994438350469876, 0.6243503542703113, 0.6494103930760301, 0.6627011059353629, 0.6674723520324616, 0.6736680816016086], "LPIPS": [0.77502226, 0.8728770400000001, 0.9084708099999997, 0.92209648, 0.9329822900000002, 0.9401533399999998, 0.9435422699999999, 0.9464213400000001], "MSSSIM": [0.9437240461508433, 0.9739604393641154, 0.9813659091790518, 0.9839797417322794, 0.9857145150502523, 0.9865568975607554, 0.9868884881337484, 0.9873307844003042], "PSNR": [21.263599395751953, 21.79371452331543, 21.907028198242188, 21.94659423828125, 21.96965980529785, 21.980754852294922, 21.98354721069336, 21.98489761352539], "VMAF": [33.44203567504883, 73.6585922241211, 88.7942123413086, 94.5271987915039, 97.79194641113281, 98.83010864257812, 99.1346435546875, 99.46248626708984], "VMAFCLIPPED": [33.44203567504883, 73.7133560180664, 89.05797576904297, 95.65092468261719, 100.18682861328125, 102.53582000732422, 103.4119873046875, 104.5034408569336], "VMAFNEG": [27.26971435546875, 60.236141204833984, 71.07579803466797, 75.37873077392578, 78.14555358886719, 79.3394775390625, 79.73486328125, 80.13542938232422]}