{"ERQA": [0.3901362905606519, 0.5284035581058438, 0.5940033889789474, 0.6299104218522094, 0.6653784695667331, 0.6894302333459038, 0.6998203831957099, 0.7109828369132696], "LPIPS": [0.6413749273743017, 0.7349165418994413, 0.7968933296089387, 0.8383991061452514, 0.8833409217877094, 0.914133525139665, 0.9264324748603352, 0.938878497206704], "MSSSIM": [0.9102931420008341, 0.9480655093987783, 0.9641155401865641, 0.9726696213086446, 0.9803106486797333, 0.984489917755127, 0.9859396517276764, 0.9874640802542368], "PSNR": [24.1917781829834, 25.529186248779297, 26.021482467651367, 26.255800247192383, 26.43288230895996, 26.52799415588379, 26.559480667114258, 26.589431762695312], "VMAF": [20.75572395324707, 49.66794967651367, 68.31118774414062, 80.1300277709961, 92.11083984375, 98.50284576416016, 99.65478515625, 99.98995971679688], "VMAFCLIPPED": [20.75572395324707, 49.66794967651367, 68.31118774414062, 80.1300277709961, 92.17201232910156, 99.17745208740234, 101.55438995361328, 103.7541732788086], "VMAFNEG": [18.801496505737305, 44.47873306274414, 60.06021499633789, 69.32195281982422, 78.05290222167969, 82.67999267578125, 84.13059997558594, 85.36042022705078]}