{"ERQA": [0.3201502143650225, 0.502969169937949, 0.5747424269760546, 0.6121812007119576, 0.6485330336848887, 0.6733438045808524, 0.6844689016100486, 0.6998043973536139], "LPIPS": [0.6184440950000001, 0.714612885, 0.782463015, 0.8238475349999999, 0.863333665, 0.887354555, 0.8969160500000001, 0.910305175], "MSSSIM": [0.9444585740566254, 0.9720521171887716, 0.9816287855307261, 0.986292819182078, 0.9900130331516266, 0.9919967949390411, 0.9927413860956827, 0.9936937689781189], "PSNR": [27.211284637451172, 28.332204818725586, 28.673791885375977, 28.832494735717773, 28.95513916015625, 29.02727699279785, 29.054304122924805, 29.08708381652832], "VMAF": [31.618499755859375, 66.3485107421875, 83.44535064697266, 92.51858520507812, 98.46585845947266, 99.81858825683594, 99.96642303466797, 100.0], "VMAFCLIPPED": [31.618499755859375, 66.3485107421875, 83.44535064697266, 92.64860534667969, 100.17760467529297, 104.3211669921875, 105.8721694946289, 107.62590026855469], "VMAFNEG": [27.505720138549805, 57.69962692260742, 71.27213287353516, 77.85809326171875, 82.66752624511719, 84.99868774414062, 85.78913116455078, 86.64192962646484]}