{"ERQA": [0.44649055022653633, 0.5606167863820769, 0.6111274518621459, 0.6372985924911033, 0.6632614689046168, 0.6786977636655598, 0.6838807489216819, 0.6871453164356502], "LPIPS": [0.76661454, 0.86305567, 0.8970888000000001, 0.91216042, 0.9251369300000002, 0.93317268, 0.93579305, 0.9383966700000002], "MSSSIM": [0.9423644542694092, 0.9723187386989594, 0.9794537226359049, 0.982228030761083, 0.9843454460302988, 0.9855746726195017, 0.9859177072842916, 0.9864441156387329], "PSNR": [21.19396209716797, 21.69980812072754, 21.80305290222168, 21.8347225189209, 21.842527389526367, 21.84417724609375, 21.846755981445312, 21.84916877746582], "VMAFCLIPPED": [33.48583984375, 74.35964965820312, 89.79605865478516, 96.61882781982422, 101.52812194824219, 104.1366195678711, 104.7967529296875, 105.76179504394531], "VMAFNEG": [27.304386138916016, 60.33802795410156, 70.96351623535156, 75.25393676757812, 78.07963562011719, 79.32545471191406, 79.5956039428711, 79.94561004638672]}