{"ERQA": [0.3796998536548133, 0.5319788695390855, 0.607962432962786, 0.6504438267877798, 0.6937774893303272, 0.7218208217587812, 0.7324968472128232, 0.7427461392969453], "LPIPS": [0.6426237262569833, 0.7355258491620112, 0.7985884413407822, 0.8414997821229051, 0.8880354413407822, 0.9194857094972066, 0.9315166368715084, 0.9430243184357542], "MSSSIM": [0.9103508790334066, 0.9483863015969595, 0.9645631810029348, 0.9731492797533671, 0.9807939231395721, 0.9849292735258738, 0.9863391617933909, 0.9877972900867462], "PSNR": [24.194997787475586, 25.544368743896484, 26.0388126373291, 26.271543502807617, 26.442211151123047, 26.52701187133789, 26.553443908691406, 26.57870864868164], "VMAFCLIPPED": [22.25853157043457, 52.44437026977539, 72.46697235107422, 85.3275146484375, 98.9685287475586, 106.98990631103516, 109.73871612548828, 112.37628936767578], "VMAFNEG": [20.167064666748047, 46.5780029296875, 62.712005615234375, 72.32535552978516, 81.4276351928711, 86.15470123291016, 87.60600280761719, 88.89869689941406]}