{"ERQA": [0.3373376414863864, 0.5299719420785353, 0.5979066694340879, 0.6533027190375005, 0.6955903015899703, 0.7229429487840422, 0.7347059994750131, 0.7511738401535352], "LPIPS": [0.62130155, 0.720139905, 0.785127635, 0.8350555399999999, 0.8761703300000001, 0.9004615499999999, 0.909508855, 0.9210336800000001], "MSSSIM": [0.9442762732505798, 0.972132662932078, 0.9801421761512756, 0.9864878157774607, 0.9902372161547343, 0.9922333359718323, 0.9929911990960439, 0.9939686755339304], "PSNR": [27.185110092163086, 28.319591522216797, 28.608522415161133, 28.83189582824707, 28.95801544189453, 29.030658721923828, 29.058189392089844, 29.09156608581543], "VMAFCLIPPED": [33.27703857421875, 69.65599060058594, 86.21359252929688, 98.81413269042969, 107.82829284667969, 113.16143035888672, 115.25468444824219, 117.7673568725586], "VMAFNEG": [28.765783309936523, 59.81673812866211, 72.13886260986328, 80.8655014038086, 85.9647445678711, 88.46168518066406, 89.3399429321289, 90.34359741210938]}