{"ERQA": [0.4425011300765553, 0.5428394282262903, 0.5791577421663234, 0.5994681793846215, 0.6177638437609947, 0.6265172055609268, 0.6295152995841178, 0.6329012999874534], "LPIPS": [0.7688852599999998, 0.8693219400000001, 0.9058082399999999, 0.91966795, 0.93067166, 0.9378841600000001, 0.9414260999999999, 0.94444299], "MSSSIM": [0.9424071709314982, 0.9714867373307546, 0.9781144261360168, 0.9803524712721506, 0.9817635218302408, 0.9824560085932413, 0.982721358537674, 0.983057310183843], "PSNR": [21.06500816345215, 21.488069534301758, 21.546611785888672, 21.561960220336914, 21.563081741333008, 21.567453384399414, 21.569164276123047, 21.57013702392578], "VMAFCLIPPED": [32.291446685791016, 63.4510612487793, 72.69892883300781, 76.47090148925781, 78.78337860107422, 80.01081085205078, 80.5555648803711, 81.18724060058594], "VMAFNEG": [25.122026443481445, 48.62678909301758, 54.13174819946289, 56.11798858642578, 57.16927719116211, 57.598602294921875, 57.749427795410156, 57.89470672607422]}