{"ERQA": [0.366069709274633, 0.5109185936297416, 0.5744696512165045, 0.6072403157627486, 0.6367146286808258, 0.6555568678877457, 0.6620764035700616, 0.668833643567357], "LPIPS": [0.646802782122905, 0.7417941061452514, 0.8055331005586592, 0.848127625698324, 0.8930672905027932, 0.9223805642458103, 0.9334719776536312, 0.9445072681564246], "MSSSIM": [0.9082406957944235, 0.9446583191553751, 0.9595093627770742, 0.9671507477760315, 0.9736968080202738, 0.9770584007104238, 0.9781561195850372, 0.9792865812778473], "PSNR": [23.97996711730957, 25.123197555541992, 25.483022689819336, 25.63936424255371, 25.733089447021484, 25.77348518371582, 25.782550811767578, 25.789260864257812], "VMAFCLIPPED": [20.345605850219727, 44.600982666015625, 57.539981842041016, 64.77315521240234, 71.43827819824219, 74.80400848388672, 75.79663848876953, 76.68569946289062], "VMAFNEG": [18.01569366455078, 38.524173736572266, 48.532108306884766, 53.73893737792969, 57.795040130615234, 59.586605072021484, 60.04288864135742, 60.36796569824219]}