{"ERQA": [0.3210637214786594, 0.4927440851894852, 0.5527603140355613, 0.5834001896016622, 0.6096640263302975, 0.6258684904884513, 0.6313178951993861, 0.6386188854991534], "LPIPS": [0.625053495, 0.7227797999999999, 0.7917938250000001, 0.83350678, 0.8720684, 0.8947520499999999, 0.903570165, 0.91521159], "MSSSIM": [0.9425116578737894, 0.9687828322251638, 0.977480004231135, 0.981553723414739, 0.9846247434616089, 0.986119955778122, 0.9866700172424316, 0.9873505135377248], "PSNR": [26.98084831237793, 27.913022994995117, 28.1568660736084, 28.256311416625977, 28.31940269470215, 28.348041534423828, 28.35536003112793, 28.363367080688477], "VMAFCLIPPED": [30.213436126708984, 58.236114501953125, 69.68834686279297, 75.33887481689453, 79.4201889038086, 81.48796081542969, 82.2556381225586, 83.0419692993164], "VMAFNEG": [25.491804122924805, 48.82051467895508, 57.28251647949219, 60.97175598144531, 63.336917877197266, 64.30540466308594, 64.60192108154297, 64.91535949707031]}