{"ERQA": [0.38162251348618975, 0.5151509443033094, 0.5656835992433538, 0.37716097611283655, 0.07745472412168387, 0.07605984290122336, 0.07582273583944604, 0.07525014086768966], "LPIPS": [0.72350288, 0.81774236, 0.8690126699999997, 0.8962689699999999, 0.91969842, 0.9318608099999999, 0.93547997, 0.93930275], "MSSSIM": [0.9245830575625101, 0.968017707268397, 0.978397955497106, 0.9823868970076243, 0.9853773812452952, 0.9868970513343811, 0.9874166448911031, 0.9879353642463684], "PSNR": [20.87220573425293, 21.675790786743164, 21.78972816467285, 21.816898345947266, 21.856313705444336, 21.878860473632812, 21.883333206176758, 21.88827896118164], "VMAF": [17.573888778686523, 61.02055358886719, 82.52412414550781, 91.85997772216797, 97.20836639404297, 98.58832550048828, 98.9774398803711, 99.46598052978516], "VMAFCLIPPED": [17.188589096069336, 61.18436813354492, 82.47671508789062, 91.94287109375, 98.90434265136719, 102.04167175292969, 103.23185729980469, 104.92263793945312], "VMAFNEG": [14.464896202087402, 50.858482360839844, 66.46444702148438, 72.41647338867188, 76.51383972167969, 78.2093505859375, 78.78678131103516, 79.53483581542969], "VMAFNEGSHIFTED": [14.62553596496582, 49.430728912353516, 64.32990264892578, 70.00767517089844, 73.81655883789062, 75.38495635986328, 75.92032623291016, 76.60307312011719], "VMAFSHIFTED": [17.7211856842041, 59.805824279785156, 80.28014373779297, 89.40113830566406, 96.10379791259766, 99.08721160888672, 100.29833221435547, 101.96392822265625]}