{"ERQA": [0.29695748530215144, 0.48600829689412306, 0.5785727320059723, 0.6347120635550891, 0.6856947287394322, 0.7173900553244574, 0.7293368293239202, 0.741864641108002], "LPIPS": [0.5795220223463687, 0.7047679832402235, 0.7768967318435752, 0.8315806089385476, 0.8920315139664803, 0.924238530726257, 0.934056061452514, 0.942819379888268], "MSSSIM": [0.8877030511697134, 0.9377801815668741, 0.9593374232451121, 0.9706691801548004, 0.9798179070154825, 0.98453156153361, 0.9861034154891968, 0.9877534806728363], "PSNR": [23.49230194091797, 25.07437515258789, 25.78691864013672, 26.134366989135742, 26.37965202331543, 26.49411964416504, 26.52467155456543, 26.566648483276367], "VMAF": [7.837319374084473, 40.536224365234375, 62.978206634521484, 79.36473846435547, 95.40518951416016, 99.81036376953125, 99.99140167236328, 100.0], "VMAFCLIPPED": [7.865609645843506, 40.472225189208984, 62.891780853271484, 79.30427551269531, 95.43553924560547, 104.56582641601562, 107.59884643554688, 110.43950653076172], "VMAFNEG": [6.8894267082214355, 36.476436614990234, 55.24828338623047, 67.9779052734375, 79.21659851074219, 84.77314758300781, 86.45096588134766, 87.983642578125], "VMAFNEGSHIFTED": [7.133630275726318, 36.557552337646484, 55.289188385009766, 67.89750671386719, 79.0268325805664, 84.50934600830078, 86.16645812988281, 87.66905975341797], "VMAFSHIFTED": [8.118922233581543, 40.58191680908203, 62.89924621582031, 79.19773864746094, 95.1821060180664, 104.23149871826172, 107.2128677368164, 110.02349090576172]}