{"ERQA": [0.25948651133561784, 0.4754265495413976, 0.5804741103429054, 0.6363704536834256, 0.6880864564342923, 0.7207044596883663, 0.7354680132286064, 0.7552522619210479], "LPIPS": [0.561255415, 0.690355955, 0.776810165, 0.83067044, 0.875547425, 0.89851831, 0.90684258, 0.91596364], "MSSSIM": [0.9271884759267172, 0.9655972321828207, 0.978060225645701, 0.9833813309669495, 0.9874553183714548, 0.9898034433523814, 0.9906255304813385, 0.991753339767456], "PSNR": [26.337669372558594, 27.878501892089844, 28.170583724975586, 28.075735092163086, 27.841588973999023, 27.788299560546875, 27.712430953979492, 27.659282684326172], "VMAF": [19.257911682128906, 57.613258361816406, 81.88310241699219, 94.46935272216797, 99.96279907226562, 100.0, 100.0, 100.0], "VMAFCLIPPED": [19.17357635498047, 57.56391906738281, 81.91000366210938, 96.14530944824219, 108.63518524169922, 115.50775909423828, 118.37499237060547, 121.83245849609375], "VMAFNEG": [16.509437561035156, 49.70886993408203, 68.00311279296875, 76.73439025878906, 82.98938751220703, 85.88107299804688, 86.81791687011719, 87.95101928710938], "VMAFNEGSHIFTED": [16.520641326904297, 49.71741485595703, 68.00902557373047, 76.73886108398438, 82.98991394042969, 85.87983703613281, 86.81627655029297, 87.94923400878906], "VMAFSHIFTED": [19.184782028198242, 57.57725143432617, 81.92046356201172, 96.15390014648438, 108.63809204101562, 115.50785827636719, 118.37422180175781, 121.83167266845703]}