{"ERQA": [0.1690997070966866, 0.17657605726854667, 0.16887958438632958, 0.1749457886718283, 0.17320023479092322, 0.17714036263778896, 0.17869837089182125], "LPIPS": [0.8769523699999999, 0.9163550500000001, 0.9225683500000001, 0.9274922000000001, 0.9317158100000001, 0.9368459400000002, 0.94167551], "MSSSIM": [0.9790619115034739, 0.9847975571950277, 0.9855778415997823, 0.9861687421798706, 0.9865865906079611, 0.9869365096092224, 0.9872644046942393], "PSNR": [21.849010467529297, 21.966564178466797, 21.984609603881836, 21.996963500976562, 22.006086349487305, 22.013572692871094, 22.016191482543945], "VMAFCLIPPED": [84.69195556640625, 98.55577087402344, 100.38644409179688, 101.8565673828125, 103.2595443725586, 104.3329849243164, 105.13907623291016], "VMAFNEG": [67.59038543701172, 77.08419036865234, 78.39958190917969, 79.28105926513672, 79.97742462158203, 80.43313598632812, 80.70240783691406]}