{"ERQA": [0.17427149002740833, 0.1991116622388676, 0.2069781689002158, 0.21290714327748317, 0.21895614993953152, 0.22192300756880523, 0.2240427269814794], "LPIPS": [0.690531061452514, 0.7835508882681563, 0.8272234692737429, 0.8650168603351954, 0.897532558659218, 0.9236728435754189, 0.9332550893854749], "MSSSIM": [0.9450085560480753, 0.9666489958763123, 0.9740613102912903, 0.9793350199858347, 0.9833654264609019, 0.9861327111721039, 0.9871404469013214], "PSNR": [25.415760040283203, 26.077537536621094, 26.274145126342773, 26.401140213012695, 26.489856719970703, 26.550445556640625, 26.573396682739258], "VMAFCLIPPED": [46.30947494506836, 71.53349304199219, 82.72283935546875, 91.5657958984375, 98.4502182006836, 102.86837768554688, 104.21966552734375], "VMAFNEG": [41.34091567993164, 62.19481658935547, 70.91502380371094, 77.2859115600586, 81.95870208740234, 84.73358154296875, 85.49736022949219]}