{"ERQA": [0.06543568372004638, 0.08621558596513716, 0.09881354849640811, 0.1025503211565438, 0.10408593711502666, 0.10833359025643252, 0.10982177798993886], "LPIPS": [0.610564035, 0.7030000050000001, 0.7903496000000001, 0.82652097, 0.854894865, 0.877463725, 0.8927002], "MSSSIM": [0.9587532877922058, 0.9760623276233673, 0.9859263300895691, 0.9887332518895467, 0.9906513094902039, 0.992031087478002, 0.9930005967617035], "PSNR": [27.829734802246094, 28.46954345703125, 28.82003402709961, 28.90962028503418, 28.972566604614258, 29.022363662719727, 29.05584144592285], "VMAFCLIPPED": [46.17898941040039, 73.41324615478516, 93.48098754882812, 99.23744201660156, 103.00186920166016, 105.59823608398438, 107.26117706298828], "VMAFNEG": [40.39512634277344, 63.1332893371582, 78.11026763916016, 81.88080596923828, 84.14445495605469, 85.56998443603516, 86.41397857666016]}