{"ERQA": [0.6209442342713003, 0.6883636601121378, 0.717464979239214, 0.7249934580924736, 0.7342293756461338, 0.7424606536166153, 0.7428979979730468], "LPIPS": [0.8736233899999999, 0.9112063300000002, 0.92120981, 0.92366437, 0.92803824, 0.93053217, 0.9306463399999998], "MSSSIM": [0.9799238046010336, 0.9858461916446686, 0.9872539838155111, 0.9875718057155609, 0.9879814386367798, 0.9882921477158865, 0.9883086780707041], "PSNR": [21.532440185546875, 21.638790130615234, 21.658721923828125, 21.662782669067383, 21.665193557739258, 21.669248580932617, 21.66950225830078], "VMAFCLIPPED": [85.012451171875, 98.37145233154297, 101.44509887695312, 102.0133285522461, 103.19591522216797, 104.05387115478516, 104.09501647949219], "VMAFNEG": [66.88346099853516, 76.24173736572266, 78.1374282836914, 78.49752044677734, 79.05972290039062, 79.42828369140625, 79.44420623779297]}