{"ERQA": [0.4820571964351541, 0.601093372264833, 0.6513578944137276, 0.6798211606854123, 0.705090854361318, 0.7245957653064002, 0.7373724309840927], "LPIPS": [0.6962638212290503, 0.7976458938547486, 0.8510996815642459, 0.8803876927374302, 0.9026388379888269, 0.9173682681564245, 0.9276843072625698], "MSSSIM": [0.942347784837087, 0.9694419205188751, 0.9787678718566895, 0.9828852713108063, 0.9858296016852061, 0.9876261949539185, 0.9887460867563883], "PSNR": [25.019893646240234, 25.909889221191406, 26.17562484741211, 26.286230087280273, 26.36996078491211, 26.42072296142578, 26.44626235961914], "VMAFCLIPPED": [43.35007095336914, 71.0771255493164, 85.83165740966797, 93.5104751586914, 99.60433959960938, 103.26643371582031, 105.03739166259766], "VMAFNEG": [38.274932861328125, 61.57571029663086, 73.08184814453125, 78.51831817626953, 82.59513092041016, 84.84294128417969, 85.84910583496094]}