{"ERQA": [0.39741846961878435, 0.5334652960541179, 0.5890667204282067, 0.6186393353308673, 0.6388222137211584, 0.6624724895910998, 0.6796259003116681], "LPIPS": [0.63459244, 0.7302882049999999, 0.774068075, 0.80486594, 0.82625902, 0.84660417, 0.865148775], "MSSSIM": [0.9628945291042328, 0.9811751345793406, 0.9870515465736389, 0.9898565908273061, 0.991488645474116, 0.9929262399673462, 0.9939352869987488], "PSNR": [27.598724365234375, 28.4156494140625, 28.63724136352539, 28.7385196685791, 28.796098709106445, 28.85272789001465, 28.889711380004883], "VMAFCLIPPED": [48.740238189697266, 78.51325225830078, 92.14527893066406, 98.58434295654297, 102.1423110961914, 105.77690887451172, 107.76935577392578], "VMAFNEG": [41.93980407714844, 66.7171859741211, 76.9713363647461, 81.28822326660156, 83.54405212402344, 85.51819610595703, 86.51315307617188]}