{
  
  "ERQA": [ 0.7430429035502205, 0.8679133108825758, 0.8994576511715822, 0.9045192326359542, 0.9096376006146953, 0.9125779887319607, 0.9127738076028455 ],
  "LPIPS": [ 0.9385428900000001, 0.96775886, 0.9735326400000001, 0.9747070000000001, 0.97591794, 0.9767106400000002, 0.9767544099999997 ],
  "MSSSIM": [ 0.982191413640976, 0.9875823656717936, 0.9885188440481821, 0.9886581401030222, 0.9887944956620535, 0.9888970057169596, 0.988901803890864 ],
  "PSNR": [ 21.72384262084961, 21.828046798706055, 21.843826293945312, 21.84812355041504, 21.85228729248047, 21.855392456054688, 21.855567932128906 ],
  "VMAFCLIPPED": [ 100.7445068359375, 115.63880920410156, 119.1978530883789, 120.09127807617188, 121.48448181152344, 122.46114349365234, 122.48186492919922 ],
  "VMAFNEG": [ 74.0060043334961, 83.02720642089844, 84.81017303466797, 85.23507690429688, 85.83228302001953, 86.16744995117188, 86.17833709716797 ]
}