{"ERQA": [0.5903527164215756, 0.6927752560935694, 0.7159395105769197, 0.7248059490546913, 0.7333891943047279, 0.7413786495715847, 0.7477270357092617], "LPIPS": [0.7371280614525141, 0.840301782122905, 0.8806188547486034, 0.895596849162011, 0.904295592178771, 0.909247938547486, 0.9136648882681565], "MSSSIM": [0.9391241073608398, 0.9657436907291412, 0.9738380710283915, 0.9773552417755127, 0.9801605343818665, 0.9821097453435262, 0.9834262530008951], "PSNR": [24.870973587036133, 25.756057739257812, 25.990781784057617, 26.08384132385254, 26.163053512573242, 26.217269897460938, 26.249439239501953], "VMAFCLIPPED": [54.559303283691406, 84.26780700683594, 100.19731140136719, 108.35128784179688, 115.02359008789062, 118.82015228271484, 120.7164306640625], "VMAFNEG": [44.00343322753906, 65.57138061523438, 75.67615509033203, 80.24075317382812, 83.73059844970703, 85.82987213134766, 86.89372253417969]}