{"ERQA": [0.5698021597467443, 0.6751147872179422, 0.6957087286226664, 0.7100830783344484, 0.7246398581635481, 0.7395097268549893, 0.7488863264679461], "LPIPS": [0.73237531, 0.831429435, 0.86634173, 0.8881507149999999, 0.901718525, 0.91291418, 0.9205720700000001], "MSSSIM": [0.9585411647955576, 0.9751216570536295, 0.9804227749506632, 0.9835394322872162, 0.9858310520648956, 0.9878768920898438, 0.9892648061116537], "PSNR": [27.337379455566406, 28.0018253326416, 28.20250701904297, 28.33413314819336, 28.43577003479004, 28.5255126953125, 28.577909469604492], "VMAFCLIPPED": [60.75770568847656, 92.99104309082031, 106.9127197265625, 113.77875518798828, 117.94949340820312, 122.18651580810547, 124.77925109863281], "VMAFNEG": [45.63136672973633, 67.35536193847656, 75.75341796875, 79.71016693115234, 82.1359634399414, 84.2081527709961, 85.26544952392578]}