{"ERQA": [0.573345209633927, 0.6115338581410956, 0.6200674461763747, 0.6246696479172554, 0.6290509525158507, 0.6309377442902394, 0.6321887716173666, 0.6336099442927483], "LPIPS": [0.9009930300000002, 0.9232758500000001, 0.9286178899999998, 0.9357330300000001, 0.9411877700000001, 0.9439967599999999, 0.94478473, 0.9454616600000001], "MSSSIM": [0.9789490501085917, 0.9818717539310455, 0.9824316799640656, 0.9827516674995422, 0.9831202526887258, 0.98338383436203, 0.9834815760453542, 0.983584592739741], "PSNR": [21.53767967224121, 21.5500431060791, 21.55633544921875, 21.56313133239746, 21.568138122558594, 21.570093154907227, 21.57058334350586, 21.571155548095703], "VMAFCLIPPED": [74.96041870117188, 79.01197814941406, 79.6230697631836, 80.00287628173828, 80.56663513183594, 81.0479965209961, 81.25633239746094, 81.4602279663086], "VMAFNEG": [54.42399215698242, 56.70045471191406, 57.149410247802734, 57.381290435791016, 57.65679168701172, 57.84200668334961, 57.90204620361328, 57.95405578613281]}