{"ERQA": [0.4996545594123045, 0.5949723297813473, 0.629285306882588, 0.6445641524313963, 0.6581850866737433, 0.666538703592184, 0.669700737919675, 0.6734497027527081], "LPIPS": [0.7156254916201118, 0.8187936480446926, 0.8734995195530728, 0.9026215810055864, 0.9256464972067039, 0.9376682290502791, 0.9421732011173184, 0.9484205865921786], "MSSSIM": [0.9481851855913798, 0.9665058652559916, 0.9729947249094645, 0.975844273964564, 0.9779409170150757, 0.9790336489677429, 0.9794591963291168, 0.9799904624621073], "PSNR": [25.20458984375, 25.585874557495117, 25.691646575927734, 25.73401641845703, 25.763442993164062, 25.78074836730957, 25.786144256591797, 25.791149139404297], "VMAFCLIPPED": [46.62223434448242, 63.81533432006836, 70.72119903564453, 73.53656768798828, 75.53378295898438, 76.57577514648438, 76.89833068847656, 77.22613525390625], "VMAFNEG": [40.004608154296875, 52.65857696533203, 57.069061279296875, 58.642234802246094, 59.74305725097656, 60.2541618347168, 60.39746856689453, 60.50211715698242]}