{"ERQA": [0.4705825135065404, 0.5637845654412875, 0.5962184886046096, 0.6113736755669288, 0.6249488148680727, 0.6343573223930535, 0.6378754450493179, 0.6433068737482043], "LPIPS": [0.7116369399999999, 0.8065425450000001, 0.84851436, 0.8694954100000001, 0.88949437, 0.901774795, 0.90696828, 0.9176718249999999], "MSSSIM": [0.9709641337394714, 0.9809128443400065, 0.98396435379982, 0.9852245648701986, 0.9863777756690979, 0.9870622754096985, 0.9873239199320475, 0.987799753745397], "PSNR": [27.97687530517578, 28.231245040893555, 28.292741775512695, 28.316938400268555, 28.341711044311523, 28.35527229309082, 28.359134674072266, 28.36551856994629], "VMAFCLIPPED": [59.2701301574707, 73.63304901123047, 78.23326110839844, 80.17198181152344, 81.9217529296875, 82.83971405029297, 83.17646026611328, 83.61136627197266], "VMAFNEG": [48.91514205932617, 59.36543655395508, 62.2213249206543, 63.33051300048828, 64.29113006591797, 64.7602767944336, 64.91637420654297, 65.08929443359375]}