{
  
  "ERQA": [ 0.5971165243389656, 0.637930329201684, 0.6486874515360176, 0.6541197447371488, 0.6617170002608614, 0.6679250184451477, 0.670660748776979, 0.6739100819518486 ],
  "LPIPS": [ 0.89934493, 0.92185966, 0.9273085499999998, 0.9337809900000003, 0.9391970200000002, 0.9421197199999999, 0.94297752, 0.94368077 ],
  "MSSSIM": [ 0.9823400874932607, 0.9855499565601349, 0.98615030447642, 0.986559639374415, 0.9870164891084036, 0.9873495697975159, 0.9874799847602844, 0.9876213769117991 ],
  "PSNR": [ 21.92803192138672, 21.968040466308594, 21.979869842529297, 21.99335289001465, 22.00750732421875, 22.01447868347168, 22.016599655151367, 22.01873016357422 ],
  "VMAFCLIPPED": [ 93.48792266845703, 101.21000671386719, 102.48470306396484, 103.08926391601562, 104.11396789550781, 104.93548583984375, 105.25093078613281, 105.49856567382812 ],
  "VMAFNEG": [ 73.02582550048828, 78.11174011230469, 79.0189208984375, 79.51354217529297, 80.16848754882812, 80.59756469726562, 80.74774169921875, 80.8537368774414 ]
}