{"ERQA": [0.5218513400367079, 0.6188957218251742, 0.6574432889654892, 0.675855283621366, 0.6958647519619175, 0.708839243260809, 0.7141099953509473, 0.7202655998808398], "LPIPS": [0.7076209832402234, 0.8087187932960895, 0.8633004469273744, 0.8929288044692738, 0.9170844636871508, 0.9300167988826815, 0.9349684636871509, 0.9419416368715083], "MSSSIM": [0.951226810614268, 0.9715120693047842, 0.9791365265846252, 0.9826485415299734, 0.9854181110858917, 0.9869296550750732, 0.9875350594520569, 0.9883089562257131], "PSNR": [25.615127563476562, 26.18831443786621, 26.37604522705078, 26.45681381225586, 26.527212142944336, 26.570180892944336, 26.58518409729004, 26.60016632080078], "VMAFCLIPPED": [52.498558044433594, 78.83148956298828, 91.35957336425781, 96.84356689453125, 101.29647827148438, 103.56513977050781, 104.28103637695312, 104.9507827758789], "VMAFNEG": [46.74781799316406, 67.85043334960938, 76.97386932373047, 80.70182800292969, 83.65044403076172, 85.12796783447266, 85.58013153076172, 85.95460510253906]}