{"ERQA": [0.4849874211958631, 0.5883960282831835, 0.6271883242092049, 0.6471015633912633, 0.6722516263653691, 0.6900840122044979, 0.6976465693613718, 0.7078738764154384], "LPIPS": [0.6979149699999999, 0.7913616600000001, 0.8333777600000001, 0.85443348, 0.87498718, 0.8880518650000002, 0.89366107, 0.9053619], "MSSSIM": [0.9740615089734396, 0.9852226575215658, 0.9889301955699921, 0.9905652900536855, 0.9921128849188486, 0.99306387702624, 0.9934428930282593, 0.9941613376140594], "PSNR": [28.390316009521484, 28.775863647460938, 28.893648147583008, 28.94841766357422, 29.01152801513672, 29.053247451782227, 29.068910598754883, 29.092296600341797], "VMAFCLIPPED": [68.27195739746094, 90.1406478881836, 98.03878784179688, 101.69794464111328, 105.27079772949219, 107.11605834960938, 107.77254486083984, 108.56208038330078], "VMAFNEG": [58.6282958984375, 75.3621826171875, 80.67449951171875, 82.96205139160156, 85.09989166259766, 86.22666931152344, 86.6112060546875, 87.04875183105469]}