{"ERQA": [0.5028645526767662, 0.7057425911885373, 0.800840571520085, 0.8456515659818625, 0.877972763101649, 0.8900331592224855, 0.893656274618899, 0.8972275135159591], "LPIPS": [0.8215531, 0.9309432099999998, 0.95839094, 0.96727321, 0.97281295, 0.97498548, 0.97583684, 0.9767202399999999], "MSSSIM": [0.9478707412878672, 0.9787930051485697, 0.9851050873597463, 0.9869233965873718, 0.987995853026708, 0.9884579181671143, 0.9886133670806885, 0.9887858033180237], "PSNR": [21.237651824951172, 21.859481811523438, 21.964582443237305, 21.991426467895508, 22.006914138793945, 22.016216278076172, 22.01897430419922, 22.02100944519043], "VMAF": [43.514251708984375, 88.03569030761719, 97.89115142822266, 99.84635925292969, 100.0, 100.0, 100.0, 100.0], "VMAFCLIPPED": [43.514251708984375, 89.75653839111328, 105.48107147216797, 111.74372100830078, 116.00852966308594, 118.12329864501953, 118.82598876953125, 119.86580657958984], "VMAFNEG": [34.178192138671875, 68.77853393554688, 78.93120574951172, 82.49280548095703, 84.64619445800781, 85.52964782714844, 85.79887390136719, 86.07968139648438]}