{"ERQA": [0.45957379244460705, 0.622443045549469, 0.6911664006569445, 0.725801211774937, 0.7549910910459775, 0.7742296761621584, 0.7822339635536819, 0.7892066063884924], "LPIPS": [0.6601655251396648, 0.763541469273743, 0.8217476983240225, 0.8540155698324022, 0.8863195530726258, 0.9063956256983241, 0.9141655027932961, 0.9216570446927373], "MSSSIM": [0.9115642408529917, 0.9491781691710154, 0.964309444030126, 0.9721940358479818, 0.979330042997996, 0.9832578003406525, 0.9846124947071075, 0.9858716130256653], "PSNR": [24.067888259887695, 25.357418060302734, 25.829593658447266, 26.04371452331543, 26.219097137451172, 26.315509796142578, 26.35396957397461, 26.38303565979004], "VMAF": [29.21010971069336, 60.36960983276367, 79.00170135498047, 90.61568450927734, 99.30130004882812, 99.99453735351562, 100.0, 100.0], "VMAFCLIPPED": [29.21010971069336, 60.36960983276367, 79.00170135498047, 90.61568450927734, 102.39891815185547, 109.02569580078125, 111.26219940185547, 113.31857299804688], "VMAFNEG": [25.712160110473633, 51.834716796875, 66.146484375, 74.4404525756836, 82.15489196777344, 86.06270599365234, 87.30609130859375, 88.32305908203125]}