{"ERQA": [0.48464705414954895, 0.6639199248393346, 0.7131211156002848, 0.7374694517247629, 0.7630507228951953, 0.7787631280775393, 0.7835329375710889, 0.7886876044009021], "LPIPS": [0.69693145, 0.815303385, 0.8605450199999999, 0.88698379, 0.91366453, 0.9298807000000001, 0.9356136150000001, 0.942332705], "MSSSIM": [0.9414089222749075, 0.9698701798915863, 0.9792390068372091, 0.9840592344601949, 0.9881981611251831, 0.9903038740158081, 0.9909979403018951, 0.9918373028437296], "PSNR": [26.85095977783203, 27.906003952026367, 28.24911880493164, 28.442689895629883, 28.62203025817871, 28.711687088012695, 28.736480712890625, 28.761667251586914], "VMAF": [44.05046081542969, 82.51309967041016, 97.2703857421875, 99.90666961669922, 100.0, 100.0, 100.0, 100.0], "VMAFCLIPPED": [44.05046081542969, 82.51309967041016, 99.93266296386719, 109.13408660888672, 116.79763793945312, 121.12464904785156, 122.68628692626953, 124.6806869506836], "VMAFNEG": [34.63502883911133, 63.23227310180664, 74.880615234375, 80.57420349121094, 84.90545654296875, 86.79634857177734, 87.32685089111328, 87.8716049194336]}