{"ERQA": [0.5841578634972052, 0.6424579043636278, 0.670425954835822, 0.6770684817803357, 0.6855381980803922, 0.6910399144908264, 0.6909822775009412], "LPIPS": [0.8790959700000001, 0.9172452000000001, 0.9281042800000001, 0.93103364, 0.9362300300000003, 0.9390695499999999, 0.93918437], "MSSSIM": [0.9792515436808268, 0.985093911488851, 0.9864937166372935, 0.9868158400058746, 0.9872292478879293, 0.9875403046607971, 0.9875566164652506], "PSNR": [21.528100967407227, 21.633420944213867, 21.656936645507812, 21.66248893737793, 21.666168212890625, 21.67045021057129, 21.67072296142578], "VMAFCLIPPED": [85.04292297363281, 98.30313110351562, 101.51902770996094, 102.2327880859375, 103.45101928710938, 104.38796997070312, 104.42318725585938], "VMAFNEG": [66.99681854248047, 76.33232116699219, 78.42900085449219, 78.86824035644531, 79.520751953125, 79.92198944091797, 79.93795776367188]}