{"ERQA": [0.4871866907945367, 0.5995957924590409, 0.6456297383121101, 0.6713169109667384, 0.6943479153388777, 0.7128404955732656, 0.7255658009017364], "LPIPS": [0.695598122905028, 0.7966083575418994, 0.8500764972067039, 0.879556150837989, 0.9021484134078214, 0.9172972849162011, 0.9279571117318437], "MSSSIM": [0.9422278006871542, 0.9693237642447153, 0.9786578814188639, 0.9827817976474762, 0.9857360521952311, 0.9875442385673523, 0.9886742532253265], "PSNR": [25.020729064941406, 25.90890884399414, 26.172266006469727, 26.28168487548828, 26.365751266479492, 26.41810417175293, 26.44495391845703], "VMAFCLIPPED": [43.278770446777344, 70.9444351196289, 85.59188842773438, 93.1927719116211, 99.23785400390625, 102.90325164794922, 104.66109466552734], "VMAFNEG": [38.265743255615234, 61.565879821777344, 73.03917694091797, 78.4510498046875, 82.53032684326172, 84.799560546875, 85.82257843017578]}