{"ERQA": [0.39960885712102984, 0.5338968879076353, 0.5896690909448722, 0.6183920722357238, 0.6390680248927274, 0.6636813717865903, 0.6853438127878786], "LPIPS": [0.6314322950000001, 0.72671853, 0.7703290099999998, 0.8014094700000001, 0.823401675, 0.8451839, 0.8664972249999999], "MSSSIM": [0.9628778497378031, 0.9811608890692393, 0.9870516260464987, 0.9898662467797598, 0.9915098448594412, 0.992971807718277, 0.9940157234668732], "PSNR": [27.599525451660156, 28.417829513549805, 28.64049530029297, 28.742523193359375, 28.801603317260742, 28.862537384033203, 28.90619468688965], "VMAFCLIPPED": [48.68779373168945, 78.42938995361328, 92.0271987915039, 98.4511947631836, 102.02548217773438, 105.69873809814453, 107.81161499023438], "VMAFNEG": [41.922359466552734, 66.71289825439453, 76.96802520751953, 81.29104614257812, 83.57124328613281, 85.61951446533203, 86.72404479980469]}