{"ERQA": [0.7831928928012015, 0.8651772447859161, 0.8820037669847871, 0.8885795320170834, 0.8929078232127763, 0.8955511464378169, 0.8970295597209824, 0.8984715076294181], "LPIPS": [0.95221161, 0.9689673199999999, 0.97204481, 0.97382354, 0.9754210100000001, 0.9763839400000001, 0.9767232800000001, 0.9770489099999999], "MSSSIM": [0.9850927591323853, 0.9876444935798645, 0.988038589557012, 0.9882949690024058, 0.9885583718617758, 0.9887375930945078, 0.9888004859288534, 0.9888700048128763], "PSNR": [21.963117599487305, 21.993093490600586, 21.999732971191406, 22.00904655456543, 22.01691246032715, 22.02002716064453, 22.021013259887695, 22.021944046020508], "VMAF": [99.27626037597656, 100.0, 100.0, 100.0, 100.0, 100.0, 100.0, 100.0], "VMAFCLIPPED": [107.90978240966797, 116.12628173828125, 117.50373840332031, 117.9820785522461, 118.98946380615234, 119.68168640136719, 120.0163345336914, 120.25897979736328], "VMAFNEG": [79.44881439208984, 84.03710174560547, 84.7821044921875, 85.1866455078125, 85.6877670288086, 86.00292205810547, 86.10404205322266, 86.18549346923828]}