{"ERQA": [0.624927933453993, 0.7248817026163304, 0.7555314816850449, 0.7688892711571399, 0.7793316770205576, 0.7860310186390703, 0.7888857438710652, 0.7917513923086269], "LPIPS": [0.7431666536312849, 0.8374660782122906, 0.875554720670391, 0.8953547653631285, 0.9104688826815642, 0.9180683407821228, 0.9207390446927373, 0.9242674357541899], "MSSSIM": [0.9518885910511017, 0.970890740553538, 0.9778397679328918, 0.9812290966510773, 0.9838595887025198, 0.9852405389149984, 0.985768586397171, 0.9864267607529958], "PSNR": [25.522972106933594, 26.01980209350586, 26.180604934692383, 26.25809097290039, 26.325992584228516, 26.366943359375, 26.383882522583008, 26.401132583618164], "VMAF": [61.76008605957031, 87.19412231445312, 98.53520965576172, 99.98532104492188, 100.0, 100.0, 100.0, 100.0], "VMAFCLIPPED": [61.76008605957031, 87.19412231445312, 99.04624938964844, 105.02482604980469, 110.10917663574219, 112.458251953125, 113.10387420654297, 113.93675231933594], "VMAFNEG": [53.265811920166016, 72.13220977783203, 79.99453735351562, 83.60174560546875, 86.42803192138672, 87.79400634765625, 88.24140930175781, 88.68356323242188]}