{"ERQA": [0.6665624364980745, 0.7305810906618703, 0.7531969532171608, 0.7647311105523547, 0.7790512757336158, 0.7863562210546463, 0.7883616514617765, 0.7906344482111451], "LPIPS": [0.801265475, 0.8732547350000001, 0.901705575, 0.9158336550000001, 0.9293039000000002, 0.9365978250000001, 0.938875135, 0.9438283599999999], "MSSSIM": [0.9719650149345398, 0.9829264283180237, 0.9867897927761078, 0.988594114780426, 0.9902588427066803, 0.991205096244812, 0.9915541509787241, 0.992218941450119], "PSNR": [28.0040283203125, 28.402841567993164, 28.54645347595215, 28.62079429626465, 28.695520401000977, 28.73574447631836, 28.74801254272461, 28.769115447998047], "VMAF": [84.0177001953125, 99.32478332519531, 99.92943572998047, 99.98561096191406, 100.0, 100.0, 100.0, 100.0], "VMAFCLIPPED": [84.13333129882812, 105.78276062011719, 113.9212417602539, 117.94969177246094, 121.8868637084961, 124.13755798339844, 124.83795928955078, 125.8393325805664], "VMAFNEG": [63.28086853027344, 77.72543334960938, 82.47898864746094, 84.63751220703125, 86.53763580322266, 87.48177337646484, 87.75617218017578, 88.10962677001953]}