{"ERQA": [0.6333387220045897, 0.7148460817457294, 0.7387545530884188, 0.7577198828552301, 0.7715294926958808, 0.7829631820760337, 0.78669855891374], "LPIPS": [0.88679163, 0.92767792, 0.9338502599999998, 0.93827469, 0.9415564599999999, 0.9442248699999999, 0.9461903100000001], "MSSSIM": [0.9820180038611094, 0.9877922137578329, 0.9885052641232809, 0.9890354772408804, 0.9894592960675558, 0.9898116091887156, 0.9899990359942118], "PSNR": [22.45283317565918, 22.598966598510742, 22.616222381591797, 22.626907348632812, 22.639192581176758, 22.6475887298584, 22.640722274780273], "VMAFCLIPPED": [88.73590850830078, 103.96971893310547, 105.93547058105469, 107.41011047363281, 109.0149917602539, 110.20812225341797, 110.80535125732422], "VMAFNEG": [69.90052795410156, 79.95967864990234, 81.29108428955078, 82.13352966308594, 82.80451965332031, 83.22972869873047, 83.36651611328125]}