{"ERQA": [0.5027970894625831, 0.6170705226207863, 0.6579289638517964, 0.6916192968613214, 0.7239422955787417, 0.7497045520613852, 0.7591175581674209], "LPIPS": [0.6853058938547486, 0.7795291620111732, 0.8249973351955306, 0.8646838826815643, 0.8978618491620111, 0.9241590446927376, 0.9340035865921789], "MSSSIM": [0.9458849231402079, 0.9676793018976847, 0.9751413563887278, 0.9804314076900482, 0.984436959028244, 0.9871301452318827, 0.9880717198053995], "PSNR": [25.741973876953125, 26.477622985839844, 26.70160675048828, 26.848173141479492, 26.949790954589844, 27.015647888183594, 27.038955688476562], "VMAFCLIPPED": [47.726070404052734, 73.86006164550781, 85.54505157470703, 94.9082260131836, 102.2525405883789, 107.0383071899414, 108.49063110351562], "VMAFNEG": [42.5261116027832, 63.97355651855469, 73.02980041503906, 79.68966674804688, 84.58927154541016, 87.46092224121094, 88.22374725341797]}