{"ERQA": [0.38141064962677196, 0.5325629844319972, 0.6263701564307165, 0.6577159580695244, 0.6838685849184332, 0.7037706369981673, 0.7166104553550716], "LPIPS": [0.588198695, 0.68496063, 0.77690589, 0.8143113650000001, 0.8444261000000001, 0.8707199950000001, 0.889309775], "MSSSIM": [0.9595779677232107, 0.9768965840339661, 0.9867686033248901, 0.9895311196645101, 0.9913780391216278, 0.9926661252975464, 0.9935534298419952], "PSNR": [28.202510833740234, 28.902658462524414, 29.291059494018555, 29.390735626220703, 29.457538604736328, 29.504045486450195, 29.5334415435791], "VMAFCLIPPED": [47.09321594238281, 75.07926940917969, 96.03168487548828, 102.17584991455078, 106.19567108154297, 108.9136962890625, 110.68415832519531], "VMAFNEG": [41.110755920410156, 64.32080841064453, 79.74800109863281, 83.61796569824219, 85.88114929199219, 87.24211120605469, 88.01431274414062]}