{"ERQA": [0.69997806107006, 0.8222366638365646, 0.8650447928190749, 0.8719897531919263, 0.8795836905423551, 0.8834914137656457, 0.8837829007026357], "LPIPS": [0.9140126900000002, 0.9493676999999999, 0.95639171, 0.9579603900000002, 0.9595044300000001, 0.9603577, 0.9604063199999999], "MSSSIM": [0.9824223121007284, 0.9876488844553629, 0.9884028136730194, 0.988450676202774, 0.988458663225174, 0.9884453813234965, 0.9884452621142069], "PSNR": [21.56057357788086, 21.677881240844727, 21.698999404907227, 21.712242126464844, 21.730623245239258, 21.74098777770996, 21.74140167236328], "VMAFCLIPPED": [91.23027801513672, 104.34306335449219, 107.29839324951172, 107.9682846069336, 109.11309814453125, 109.8030776977539, 109.84233856201172], "VMAFNEG": [70.18545532226562, 78.85543823242188, 80.47747039794922, 80.82971954345703, 81.28639221191406, 81.54273223876953, 81.55309295654297]}