{"ERQA": [0.5014355690797266, 0.634849836863061, 0.6905936486794688, 0.7196736022326167, 0.7414910558586311, 0.755750561500256, 0.7636944564506813], "LPIPS": [0.7125451731843575, 0.8181002569832403, 0.8682488826815641, 0.8912991731843576, 0.9059497374301675, 0.9136972346368715, 0.917383687150838], "MSSSIM": [0.9427074094613394, 0.9692733387152354, 0.9779236117998759, 0.9813544452190399, 0.9835255146026611, 0.9846591750780741, 0.9851781527201334], "PSNR": [25.01980209350586, 25.93132209777832, 26.224224090576172, 26.366628646850586, 26.476158142089844, 26.543916702270508, 26.580894470214844], "VMAFCLIPPED": [43.224308013916016, 70.47482299804688, 84.12578582763672, 90.80769348144531, 95.70574951171875, 98.23483276367188, 99.290283203125], "VMAFNEG": [38.52253341674805, 61.70744705200195, 72.5891342163086, 77.45511627197266, 80.91688537597656, 82.6689682006836, 83.37847137451172]}