{"ERQA": [0.42043277231031845, 0.5684092356080407, 0.6279553724572104, 0.662127665548889, 0.6827992944109801, 0.7022338527761771, 0.7134003704064353], "LPIPS": [0.6696893700000001, 0.77072042, 0.8158920749999998, 0.8422997200000001, 0.8570137200000001, 0.86811281, 0.8749354199999999], "MSSSIM": [0.9627551933129629, 0.9805313944816589, 0.9858875075976054, 0.9880417585372925, 0.9890356858571371, 0.9898002743721008, 0.9901657303174337], "PSNR": [27.305917739868164, 28.081539154052734, 28.28855323791504, 28.385597229003906, 28.44708251953125, 28.49514389038086, 28.521127700805664], "VMAFCLIPPED": [48.05455017089844, 76.88177490234375, 89.44619750976562, 94.80763244628906, 97.5797119140625, 100.10236358642578, 101.23247528076172], "VMAFNEG": [41.68781661987305, 66.10548400878906, 75.8836669921875, 79.71051025390625, 81.5433120727539, 83.05506896972656, 83.70438385009766]}