{"ERQA": [0.4217103447079984, 0.5952249925205043, 0.6853603881531702, 0.74621747298845, 0.8390623740599877, 0.9154463681348116, 0.9410213307061125, 0.9672538332411769], "LPIPS": [0.67310934, 0.8292258499999999, 0.9082219500000001, 0.9447651400000001, 0.97309341, 0.9920757100000002, 0.9967702799999999, 0.9989844500000001], "MSSSIM": [0.8890504837036133, 0.9609674712022146, 0.9800898234049479, 0.9856006701787313, 0.9886934061845144, 0.9902335504690806, 0.9908393422762553, 0.9913416504859924], "PSNR": [19.801326751708984, 21.611906051635742, 21.846643447875977, 21.955472946166992, 22.00055694580078, 22.008962631225586, 22.012435913085938, 22.015459060668945], "VMAF": [29.569969177246094, 64.13972473144531, 92.18086242675781, 100.0, 100.0, 100.0, 100.0, 100.0], "VMAFCLIPPED": [27.652219772338867, 64.13972473144531, 92.2193832397461, 109.33789825439453, 124.34527587890625, 132.2154541015625, 135.23265075683594, 138.84291076660156], "VMAFNEG": [24.617122650146484, 51.02633285522461, 70.13502502441406, 80.00037384033203, 86.09211730957031, 88.269775390625, 88.87213897705078, 89.43299865722656], "VMAFNEGSHIFTED": [24.954864501953125, 51.11872100830078, 70.04745483398438, 79.93406677246094, 86.09082794189453, 88.29259490966797, 88.89642333984375, 89.46050262451172], "VMAFSHIFTED": [28.490942001342773, 64.70416259765625, 92.42208862304688, 109.66499328613281, 124.57316589355469, 132.5059356689453, 135.43496704101562, 139.08424377441406]}