{"ERQA": [0.22250244716686496, 0.44493872068414403, 0.5831951265520756, 0.6735185925287835, 0.7695013823612602, 0.8339312818587895, 0.8568794587598941, 0.8829534537759549], "LPIPS": [0.512124905027933, 0.6484164748603352, 0.7549132905027933, 0.8191562290502793, 0.8923703910614524, 0.94269743575419, 0.9614740111731845, 0.9783297486033519], "MSSSIM": [0.8419838349024454, 0.9059435427188873, 0.9394091069698334, 0.9582076172033945, 0.9760435819625854, 0.9839137295881907, 0.9859366516272227, 0.9876733322938284], "PSNR": [19.63937759399414, 24.286359786987305, 25.13396644592285, 25.724655151367188, 26.252704620361328, 26.45025634765625, 26.498029708862305, 26.536684036254883], "VMAF": [6.518612384796143, 30.898591995239258, 54.49912643432617, 72.95304870605469, 96.43186950683594, 99.95201873779297, 100.0, 100.0], "VMAFCLIPPED": [5.905784606933594, 30.898591995239258, 54.49912643432617, 72.95304870605469, 98.38236999511719, 115.76667785644531, 121.71554565429688, 127.34181213378906], "VMAFNEG": [5.817349910736084, 27.98856544494629, 47.672054290771484, 61.49649429321289, 77.99790954589844, 86.70716857910156, 88.95616912841797, 90.58088684082031], "VMAFNEGSHIFTED": [6.230568885803223, 28.14645767211914, 47.83772659301758, 61.69902420043945, 78.12242889404297, 86.74739837646484, 88.97404479980469, 90.57999420166016], "VMAFSHIFTED": [6.664351940155029, 31.182424545288086, 54.713104248046875, 73.11771392822266, 98.33332061767578, 115.66697692871094, 121.66980743408203, 127.33258819580078]}