{"ERQA": [0.20550951873328946, 0.47243806012412454, 0.6438955205471005, 0.7353920703446226, 0.8206787641472816, 0.8710407207956614, 0.8900139603519278, 0.9103105524469823], "LPIPS": [0.46065295, 0.6435393099999999, 0.7624961650000001, 0.8355122, 0.909246655, 0.9530984549999999, 0.968293815, 0.980905425], "MSSSIM": [0.8717586696147919, 0.9446635941664377, 0.9707184334595998, 0.9813007712364197, 0.9888376096884409, 0.9919792612393697, 0.9929509063561758, 0.9940076371033987], "PSNR": [24.3981876373291, 27.2902774810791, 28.243431091308594, 28.63738441467285, 28.906513214111328, 29.00739288330078, 29.034990310668945, 29.05951499938965], "VMAF": [8.494853019714355, 45.45244216918945, 74.04335021972656, 92.42488861083984, 99.9725570678711, 100.0, 100.0, 100.0], "VMAFCLIPPED": [7.449592113494873, 45.45244216918945, 74.04335021972656, 92.9497299194336, 110.86325073242188, 121.23494720458984, 124.9867935180664, 129.08746337890625], "VMAFNEG": [7.166263103485107, 39.02579116821289, 62.12309646606445, 75.56851959228516, 85.95236206054688, 89.94647979736328, 90.98609924316406, 91.82473754882812], "VMAFNEGSHIFTED": [7.476150989532471, 39.09678268432617, 62.217979431152344, 75.67023468017578, 86.00078582763672, 89.95779418945312, 90.98822784423828, 91.8176498413086], "VMAFSHIFTED": [8.173930168151855, 45.51963806152344, 74.10035705566406, 93.02559661865234, 110.83078002929688, 121.19290924072266, 124.99495697021484, 129.10667419433594]}