{"ERQA": [0.5526867954864602, 0.5968729140169695, 0.6166326451696377, 0.6224623147976379, 0.6279955101908937, 0.6315786440727139, 0.6319917318485532], "LPIPS": [0.8801590300000002, 0.91904173, 0.9296690699999999, 0.9325818799999999, 0.9379417999999999, 0.9408601199999999, 0.94098241], "MSSSIM": [0.9763373136520386, 0.9814605812231699, 0.9826359252134959, 0.9828999737898508, 0.9832290311654409, 0.9834683736165365, 0.9834814071655273], "PSNR": [21.227684020996094, 21.27113151550293, 21.275114059448242, 21.27665901184082, 21.27705955505371, 21.278942108154297, 21.279083251953125], "VMAFCLIPPED": [71.72220611572266, 78.41866302490234, 79.82432556152344, 79.99506378173828, 80.64161682128906, 81.21015167236328, 81.23283386230469], "VMAFNEG": [52.55059051513672, 56.59385299682617, 57.31156921386719, 57.46771240234375, 57.70090866088867, 57.83762741088867, 57.843711853027344]}