{"ERQA": [0.4722589924646755, 0.5768657926866376, 0.6155300731783776, 0.6359484088819076, 0.6512652423412193, 0.6620228511286792, 0.66845956205327], "LPIPS": [0.7020925865921788, 0.8046966424581007, 0.858429837988827, 0.8877381508379888, 0.9096883631284918, 0.924110122905028, 0.9344272569832401], "MSSSIM": [0.9392228126525879, 0.964281439781189, 0.9724203646183014, 0.9758083621660868, 0.9781772991021475, 0.979562888542811, 0.9803798794746399], "PSNR": [24.67190170288086, 25.35750389099121, 25.52924156188965, 25.590253829956055, 25.631118774414062, 25.651254653930664, 25.658435821533203], "VMAFCLIPPED": [39.410736083984375, 59.359039306640625, 68.02400207519531, 71.98056030273438, 74.92516326904297, 76.47966003417969, 77.24468231201172], "VMAFNEG": [33.48307418823242, 49.17144012451172, 55.334354400634766, 57.758209228515625, 59.398521423339844, 60.20933532714844, 60.52778244018555]}