{"ERQA": [0.39846710393159746, 0.5220445377099551, 0.5692922155738408, 0.5922827958261733, 0.6079673896229697, 0.6226779530157955, 0.6322342315760183], "LPIPS": [0.6445818950000001, 0.7425998, 0.7881580850000001, 0.8205497249999999, 0.8428336200000001, 0.8636809149999999, 0.8825607099999999], "MSSSIM": [0.9605059723059336, 0.9773708283901215, 0.982483983039856, 0.9847594797611237, 0.9860312243302664, 0.9871101975440979, 0.9878301024436951], "PSNR": [27.29863739013672, 27.9464111328125, 28.097482681274414, 28.154499053955078, 28.182912826538086, 28.205612182617188, 28.218399047851562], "VMAFCLIPPED": [44.44900131225586, 66.6636734008789, 75.17535400390625, 78.77690887451172, 80.61431884765625, 82.30219268798828, 83.24225616455078], "VMAFNEG": [36.74000549316406, 54.4041633605957, 60.50912094116211, 62.7063102722168, 63.74309539794922, 64.62422943115234, 65.03916931152344]}