{"ERQA": [0.5721481593642843, 0.6320508592583938, 0.6533854752203055, 0.6715471290658098, 0.678105331708977, 0.6810242162638414, 0.6862046654805715], "LPIPS": [0.8758637599999999, 0.9124687999999999, 0.92151689, 0.9277097500000001, 0.9315791100000002, 0.9351663899999998, 0.9376364700000002], "MSSSIM": [0.9776475628217062, 0.9829811950524648, 0.9842522939046224, 0.9851395885149637, 0.9855987330277761, 0.9859800338745117, 0.9863441387812296], "PSNR": [21.71658706665039, 21.844524383544922, 21.837491989135742, 21.833703994750977, 21.83592987060547, 21.84149932861328, 21.846193313598633], "VMAFCLIPPED": [85.79723358154297, 99.78609466552734, 101.85432434082031, 103.4605941772461, 104.85736846923828, 105.58756256103516, 105.75418853759766], "VMAFNEG": [67.67337036132812, 76.81388854980469, 78.21224975585938, 79.14022827148438, 79.76280975341797, 80.00553894042969, 79.90337371826172]}