{"ERQA": [0.504490527829688, 0.6161893345617774, 0.6548990784670584, 0.6861070899476054, 0.714854842927378, 0.7373925069915649, 0.744907676642069], "LPIPS": [0.6973469888268156, 0.7931639441340781, 0.8379601787709496, 0.8770373407821229, 0.9097986312849161, 0.9344530837988828, 0.9424270726256981], "MSSSIM": [0.945186177889506, 0.9670176804065704, 0.9745068252086639, 0.9798092246055603, 0.9838289221127828, 0.9865349729855856, 0.9875078797340393], "PSNR": [25.420398712158203, 26.086071014404297, 26.284378051757812, 26.41090965270996, 26.494619369506836, 26.545635223388672, 26.56669807434082], "VMAFCLIPPED": [49.64595413208008, 76.72209930419922, 89.03146362304688, 99.05573272705078, 106.7090835571289, 111.6163558959961, 113.00202178955078], "VMAFNEG": [43.73213195800781, 65.09578704833984, 74.14263153076172, 80.80806732177734, 85.59912109375, 88.32221984863281, 89.02867889404297]}