{"ERQA": [0.40420946021502113, 0.5587063679655313, 0.6523232976970843, 0.6844463654120243, 0.7145494055394872, 0.7369076976011989, 0.7500503879833772], "LPIPS": [0.62586517, 0.7236667449999998, 0.815061175, 0.8524668099999999, 0.8808760099999999, 0.9021476000000002, 0.9152672249999999], "MSSSIM": [0.958759993314743, 0.9760729273160299, 0.9860852559407552, 0.9889153142770132, 0.990863710641861, 0.9922787646452585, 0.9932908316453298], "PSNR": [27.810728073120117, 28.455455780029297, 28.817781448364258, 28.912166595458984, 28.97989273071289, 29.03423500061035, 29.07090950012207], "VMAFCLIPPED": [48.918582916259766, 78.11479949951172, 100.65593719482422, 107.62104797363281, 112.31099700927734, 115.68415069580078, 117.84227752685547], "VMAFNEG": [42.254154205322266, 65.75428009033203, 81.3445053100586, 85.37732696533203, 87.82488250732422, 89.40331268310547, 90.30865478515625]}