{"ERQA": [0.6691711289310497, 0.7398859137668439, 0.7563918221479723, 0.7672108992765673, 0.7771170087029758, 0.7829324373845531, 0.7859305336525813, 0.7898484894051716], "LPIPS": [0.9077974600000001, 0.93140938, 0.9361499400000001, 0.93912584, 0.9419610100000001, 0.94378997, 0.94444788, 0.9450517500000001], "MSSSIM": [0.9850074350833893, 0.9882415533065796, 0.9888411362965902, 0.9892238775889078, 0.9895966947078705, 0.9898479183514913, 0.9899379312992096, 0.9900248746077219], "PSNR": [22.6664981842041, 22.71002769470215, 22.726940155029297, 22.751501083374023, 22.770526885986328, 22.780229568481445, 22.7827205657959, 22.785188674926758], "VMAF": [95.78204345703125, 99.77298736572266, 99.92250061035156, 99.98248291015625, 99.99305725097656, 100.0, 100.0, 100.0], "VMAFCLIPPED": [97.39399719238281, 105.79855346679688, 107.20262908935547, 107.77127075195312, 108.9422607421875, 109.8214111328125, 110.20124816894531, 110.49519348144531], "VMAFNEG": [75.31967163085938, 80.64508819580078, 81.56895446777344, 82.0663833618164, 82.71078491210938, 83.15017700195312, 83.30258178710938, 83.42796325683594]}