{"ERQA": [0.52904864138964, 0.64397887757699, 0.6917620707128795, 0.7143959402915164, 0.736131619818269, 0.7497528330841213, 0.7551313233639092, 0.7606366903510481], "LPIPS": [0.7033613575418994, 0.8058888770949723, 0.8602878435754191, 0.8888216368715084, 0.9111181340782123, 0.9228084134078212, 0.9271659776536314, 0.9326589329608937], "MSSSIM": [0.9522431989510854, 0.9726646244525909, 0.9802915255228678, 0.9837259153525034, 0.9863490064938863, 0.9877236684163412, 0.9882469773292542, 0.9888540307680765], "PSNR": [26.179594039916992, 26.844738006591797, 27.06378173828125, 27.155380249023438, 27.228513717651367, 27.270071029663086, 27.283863067626953, 27.295757293701172], "VMAF": [53.85210418701172, 80.9891357421875, 94.06456756591797, 99.24920654296875, 99.99369049072266, 100.0, 100.0, 100.0], "VMAFCLIPPED": [53.85210418701172, 80.9891357421875, 94.06620025634766, 99.82757568359375, 104.53630065917969, 106.9572525024414, 107.71485900878906, 108.42078399658203], "VMAFNEG": [48.02851486206055, 69.70330047607422, 79.13351440429688, 83.0169677734375, 86.05351257324219, 87.55923461914062, 88.01683807373047, 88.38868713378906]}