{"ERQA": [0.48846011881693974, 0.6015263923766038, 0.6450462572432318, 0.6661424618292274, 0.6892137374837627, 0.7035082708223108, 0.7086384750373403, 0.716530052535327], "LPIPS": [0.67612168, 0.77010872, 0.81042764, 0.830210805, 0.848771605, 0.859748175, 0.86407522, 0.872994085], "MSSSIM": [0.9748425980408987, 0.9860784411430359, 0.989677498737971, 0.9912136892477671, 0.992600828409195, 0.9934010803699493, 0.9937120874722799, 0.994240383307139], "PSNR": [29.038570404052734, 29.499378204345703, 29.637632369995117, 29.699317932128906, 29.760028839111328, 29.796058654785156, 29.808713912963867, 29.82672119140625], "VMAF": [69.343505859375, 91.71239471435547, 98.57559967041016, 99.90089416503906, 99.98796844482422, 100.0, 100.0, 100.0], "VMAFCLIPPED": [69.343505859375, 91.7923583984375, 99.93082427978516, 103.72787475585938, 107.3514633178711, 109.22693634033203, 109.88710021972656, 110.68638610839844], "VMAFNEG": [59.63406753540039, 76.75438690185547, 82.1762924194336, 84.47623443603516, 86.51333618164062, 87.52487182617188, 87.86029815673828, 88.24929809570312]}