{"ERQA": [0.7418775556662364, 0.8536541287861062, 0.8926217735467301, 0.9217332612741121, 0.939886542909211, 0.9533417186804911, 0.9638483294584232], "LPIPS": [0.93948042, 0.97004311, 0.9766794200000001, 0.9807324399999999, 0.9833396199999999, 0.9853928900000001, 0.9893629499999999], "MSSSIM": [0.9839440882205963, 0.9883504013220469, 0.9891803562641144, 0.9897010326385498, 0.9900972147782644, 0.9904221097628275, 0.9907384117444357], "PSNR": [21.89789581298828, 21.97498893737793, 21.9901065826416, 21.99811553955078, 22.00486183166504, 22.008485794067383, 22.012914657592773], "VMAFCLIPPED": [108.7879409790039, 125.44496154785156, 129.86819458007812, 132.7102508544922, 135.1726837158203, 137.26473999023438, 139.15216064453125], "VMAFNEG": [77.4428939819336, 85.28890228271484, 86.84013366699219, 87.89666748046875, 88.64498901367188, 89.19918823242188, 89.54720306396484]}