{"ERQA": [0.6526185351851539, 0.7186800864190209, 0.7745107988137319, 0.8152973854585489, 0.8471669098639488, 0.8729895824910228, 0.8951594619531478], "LPIPS": [0.7638374469273742, 0.8174614301675978, 0.8717672067039107, 0.9115566145251397, 0.9384080279329609, 0.9563840391061453, 0.9679169720670391], "MSSSIM": [0.9565347830454508, 0.967028965552648, 0.9757845103740692, 0.9812439878781637, 0.9847525358200073, 0.9868897696336111, 0.9881523748238882], "PSNR": [25.786556243896484, 26.095783233642578, 26.309669494628906, 26.421770095825195, 26.499900817871094, 26.540069580078125, 26.560789108276367], "VMAFCLIPPED": [69.588623046875, 83.8622055053711, 98.49254608154297, 109.92569732666016, 118.89762878417969, 125.66581726074219, 130.41334533691406], "VMAFNEG": [57.95576858520508, 67.64161682128906, 76.8149642944336, 83.00126647949219, 87.19644165039062, 89.69331359863281, 91.02178192138672]}