{"ERQA": [0.5178785097626634, 0.6968962435620848, 0.7647449890697481, 0.8164938485476533, 0.8825061003966006, 0.9036405762658104, 0.9205044609759808], "LPIPS": [0.63636372, 0.7506830449999999, 0.80709546, 0.85833978, 0.927864605, 0.9498097400000001, 0.965389915], "MSSSIM": [0.958589086929957, 0.9760382970174154, 0.9826071262359619, 0.9872508843739828, 0.9922450383504232, 0.9934409856796265, 0.9942492047945658], "PSNR": [27.874420166015625, 28.492679595947266, 28.727081298828125, 28.87816619873047, 29.034639358520508, 29.064329147338867, 29.081758499145508], "VMAFCLIPPED": [55.11592483520508, 83.92227172851562, 97.86985778808594, 109.01153564453125, 124.15654754638672, 128.49307250976562, 131.5982208251953], "VMAFNEG": [47.26430130004883, 68.99345397949219, 78.14531707763672, 84.474609375, 90.46136474609375, 91.51763916015625, 92.10465240478516]}