{"ERQA": [0.47388929397436935, 0.6136360306547747, 0.6778255799751235, 0.7171507342330757, 0.7537275094865331, 0.7714834572589961, 0.7780389754792502, 0.7865772945097063], "LPIPS": [0.7772952399999999, 0.8781939199999997, 0.9120919700000001, 0.9261286099999999, 0.9362544800000002, 0.9408534199999999, 0.9425821299999997, 0.9443538699999999], "MSSSIM": [0.9477929075558981, 0.977900375922521, 0.9848281641801199, 0.9871541062990824, 0.9886596004168192, 0.9893596768379211, 0.9896239340305328, 0.9899094700813293], "PSNR": [21.923009872436523, 22.568288803100586, 22.689041137695312, 22.728384017944336, 22.75119972229004, 22.76837921142578, 22.77684783935547, 22.78322982788086], "VMAF": [35.87751388549805, 78.44725036621094, 92.67093658447266, 97.46603393554688, 99.4383773803711, 99.9347152709961, 99.98226165771484, 100.0], "VMAFCLIPPED": [35.87751388549805, 78.44725036621094, 94.1518783569336, 100.7967758178711, 105.55809020996094, 107.91464233398438, 108.8359375, 110.02658081054688], "VMAFNEG": [29.281047821044922, 63.61890411376953, 74.5159683227539, 78.73038482666016, 81.36498260498047, 82.50077819824219, 82.8853759765625, 83.28219604492188]}