{"ERQA": [0.37367445330989735, 0.5323251333756231, 0.6126108015219011, 0.6569651062509145, 0.7015373007185183, 0.7306195231341279, 0.7415234771616143, 0.7534104554896106], "LPIPS": [0.6267498324022347, 0.7190998268156423, 0.7838258212290503, 0.8271968659217875, 0.87496556424581, 0.9053029608938548, 0.9165753575418993, 0.9275893519553073], "MSSSIM": [0.9125109314918518, 0.9498808681964874, 0.9660837054252625, 0.9744567175706228, 0.9818388819694519, 0.9857143859068552, 0.9869931439558665, 0.988245556751887], "PSNR": [24.634254455566406, 26.08881950378418, 26.664270401000977, 26.931909561157227, 27.133861541748047, 27.228551864624023, 27.25851821899414, 27.28271484375], "VMAF": [21.162841796875, 51.11669158935547, 70.60801696777344, 82.92546081542969, 95.2901840209961, 99.8003921508789, 99.99676513671875, 100.0], "VMAFCLIPPED": [21.162841796875, 51.11669158935547, 70.60801696777344, 82.92546081542969, 95.38214111328125, 102.5416259765625, 105.00801086425781, 107.24705505371094], "VMAFNEG": [19.209028244018555, 45.83876037597656, 62.04874038696289, 71.72174072265625, 80.66888427734375, 85.24783325195312, 86.66211700439453, 87.84356689453125]}