{"ERQA": [0.3191973703215942, 0.5129954362093496, 0.5880831273294237, 0.6294304340664869, 0.667117551798008, 0.690186908423329, 0.6986231437775609, 0.7096382907855073], "LPIPS": [0.5795850349999999, 0.6834879549999999, 0.7483642649999999, 0.7900842399999999, 0.8293782350000001, 0.8513690899999999, 0.859394025, 0.8697824349999999], "MSSSIM": [0.9461194177468618, 0.9738372564315796, 0.9831718504428864, 0.987583597501119, 0.9909754892190298, 0.9926404257615408, 0.9932192067305247, 0.9939101537068685], "PSNR": [27.730548858642578, 29.012311935424805, 29.40668296813965, 29.580978393554688, 29.710750579833984, 29.775270462036133, 29.795759201049805, 29.817655563354492], "VMAF": [32.37728500366211, 68.09891510009766, 85.70914459228516, 94.66331481933594, 99.46975708007812, 100.0, 100.0, 100.0], "VMAFCLIPPED": [32.37728500366211, 68.09891510009766, 85.71581268310547, 94.96016693115234, 102.49824523925781, 106.5367431640625, 107.99404907226562, 109.61262512207031], "VMAFNEG": [28.133638381958008, 59.294925689697266, 73.23908996582031, 79.77778625488281, 84.42513275146484, 86.50804901123047, 87.16600799560547, 87.8550033569336]}