{"ERQA": [0.16137339338237688, 0.1705331328891931, 0.1613286807279734, 0.15794741226246317, 0.17469697573662107, 0.16536563369477555, 0.1709164981282948], "LPIPS": [0.8692376999999999, 0.9087980599999999, 0.9147151, 0.91937624, 0.9236785500000001, 0.9290081200000002, 0.9339635400000001], "MSSSIM": [0.9799127181371053, 0.9856916268666586, 0.986463208993276, 0.9870450794696808, 0.9874676565329233, 0.9878236055374146, 0.9881565769513448], "PSNR": [21.843320846557617, 21.956144332885742, 21.969621658325195, 21.978042602539062, 21.984182357788086, 21.988903045654297, 21.988948822021484], "VMAFCLIPPED": [84.07555389404297, 97.80887603759766, 99.53965759277344, 100.9511489868164, 102.33653259277344, 103.37629699707031, 104.1358871459961], "VMAFNEG": [67.00759887695312, 76.30876159667969, 77.50523376464844, 78.28519439697266, 78.9408187866211, 79.3742904663086, 79.62422180175781]}