{"ERQA": [0.1635619145658781, 0.1926879114404319, 0.2009408303419868, 0.20797444211935368, 0.21267382107607363, 0.21755034318655475, 0.21936472934099624], "LPIPS": [0.6907934022346368, 0.784095162011173, 0.8278535754189944, 0.8656342625698323, 0.897870284916201, 0.9236921284916201, 0.9331672122905027], "MSSSIM": [0.945227324962616, 0.9668943385283152, 0.974314292271932, 0.9795951743920644, 0.98362864057223, 0.9863958756128947, 0.9874051610628763], "PSNR": [25.418781280517578, 26.083980560302734, 26.28261947631836, 26.411724090576172, 26.50248146057129, 26.564546585083008, 26.587953567504883], "VMAFCLIPPED": [46.301170349121094, 71.5665283203125, 82.80706024169922, 91.71525573730469, 98.6418228149414, 103.10750579833984, 104.49071502685547], "VMAFNEG": [41.311988830566406, 62.168060302734375, 70.89666748046875, 77.28016662597656, 81.96854400634766, 84.75242614746094, 85.52801513671875]}