{"ERQA": [0.06393296645740051, 0.08380501941853238, 0.0964734608767969, 0.09834068768713844, 0.10303203839522455, 0.10449138999649703, 0.10777908025107077], "LPIPS": [0.60992132, 0.7023940799999999, 0.7892475050000002, 0.8248142900000001, 0.8526854400000002, 0.8748198650000001, 0.88972097], "MSSSIM": [0.9588087598482767, 0.9761248032251993, 0.9859998822212219, 0.9888052145640055, 0.9907184739907583, 0.9920902649561564, 0.9930519262949625], "PSNR": [27.833133697509766, 28.473098754882812, 28.824310302734375, 28.912952423095703, 28.97418785095215, 29.02094078063965, 29.051782608032227], "VMAFCLIPPED": [46.17417907714844, 73.43384552001953, 93.52801513671875, 99.29661560058594, 103.02615356445312, 105.5920181274414, 107.23026275634766], "VMAFNEG": [40.39661407470703, 63.14439010620117, 78.10486602783203, 81.84050750732422, 84.05622100830078, 85.43340301513672, 86.2370376586914]}