{"ERQA": [0.4750416252276638, 0.6187607248666664, 0.6863411332179573, 0.7285792840399593, 0.7645551767857944, 0.7797030904610772, 0.7844758452222963, 0.7872106777975822], "LPIPS": [0.7749631199999999, 0.8773988300000001, 0.9138005499999999, 0.92852106, 0.9389607999999998, 0.94321238, 0.94493874, 0.94720761], "MSSSIM": [0.9469545185565948, 0.9777774612108866, 0.9850327869256338, 0.9874037206172943, 0.9889151851336161, 0.9895662466684977, 0.9897898733615875, 0.9900287389755249], "PSNR": [21.806190490722656, 22.436819076538086, 22.561588287353516, 22.605070114135742, 22.630905151367188, 22.640033721923828, 22.640634536743164, 22.639463424682617], "VMAF": [36.02698516845703, 78.98841094970703, 93.32909393310547, 97.8789291381836, 99.68070983886719, 99.99610137939453, 100.0, 100.0], "VMAFCLIPPED": [36.02698516845703, 78.98841094970703, 95.23847961425781, 101.9556655883789, 106.71588134765625, 108.92220306396484, 109.71350860595703, 110.71827697753906], "VMAFNEG": [29.324304580688477, 63.74313735961914, 74.83118438720703, 79.06752014160156, 81.68567657470703, 82.72711944580078, 83.03814697265625, 83.3467025756836]}