{"ERQA": [0.37534248116050073, 0.5343041918848757, 0.6145026630698427, 0.6594199321262268, 0.7049710964524404, 0.7349188602098242, 0.7456779056494565, 0.7577265854937785], "LPIPS": [0.6277818715083798, 0.7212278100558659, 0.7868254748603352, 0.8313075083798883, 0.880576469273743, 0.9132556480446927, 0.9259085418994412, 0.9386584860335195], "MSSSIM": [0.9121853907903036, 0.9495000938574473, 0.9657511214415232, 0.974200040102005, 0.9817060828208923, 0.9856890837351481, 0.9870268305142721, 0.988383561372757], "PSNR": [24.477684020996094, 25.884479522705078, 26.441354751586914, 26.701398849487305, 26.89940071105957, 26.9940128326416, 27.02449607849121, 27.050277709960938], "VMAF": [21.315425872802734, 51.38905334472656, 71.02237701416016, 83.44940185546875, 95.85455322265625, 99.85009765625, 100.0, 100.0], "VMAFCLIPPED": [21.315425872802734, 51.38905334472656, 71.02237701416016, 83.44940185546875, 96.06585693359375, 103.33463287353516, 105.82405090332031, 108.08262634277344], "VMAFNEG": [19.323678970336914, 45.96418380737305, 62.19313430786133, 71.90343475341797, 80.9081039428711, 85.52063751220703, 86.93140411376953, 88.10606384277344]}