{"ERQA": [0.32447163820216524, 0.5192428499052851, 0.5942031608985419, 0.6355896070955277, 0.6747006535659507, 0.6987930975086896, 0.7083944299094628, 0.7194992637373044], "LPIPS": [0.59242166, 0.693672775, 0.761705695, 0.8063387399999999, 0.85024619, 0.8772740400000001, 0.88811278, 0.9025773049999999], "MSSSIM": [0.9455278019110361, 0.9734513858954111, 0.9828790227572123, 0.9873796800772349, 0.9909016688664755, 0.9926899572213491, 0.9933359324932098, 0.9941362738609314], "PSNR": [27.55403709411621, 28.783348083496094, 29.157320022583008, 29.320283889770508, 29.443578720092773, 29.507965087890625, 29.530170440673828, 29.55514907836914], "VMAF": [32.577083587646484, 68.4766845703125, 86.28352355957031, 95.3026351928711, 99.66254425048828, 100.0, 100.0, 100.0], "VMAFCLIPPED": [32.577083587646484, 68.4766845703125, 86.29513549804688, 95.73204803466797, 103.51226043701172, 107.70188903808594, 109.22877502441406, 110.92658996582031], "VMAFNEG": [28.23236656188965, 59.36857604980469, 73.33975219726562, 79.92530059814453, 84.6334457397461, 86.76361083984375, 87.44257354736328, 88.15330505371094]}