{"ERQA": [0.5711418055399932, 0.6432583164765695, 0.6758347738674456, 0.6842307966656529, 0.6927945307841344, 0.6980248286674071, 0.697908185093254], "LPIPS": [0.8832647000000001, 0.9252286999999998, 0.9372439999999997, 0.9403639199999999, 0.9462063, 0.9495825400000001, 0.9497413], "MSSSIM": [0.9795524974664053, 0.9856147070725759, 0.9870738685131073, 0.9874068200588226, 0.9878352185090383, 0.9881595472494761, 0.9881768822669983], "PSNR": [21.537572860717773, 21.6580810546875, 21.685832977294922, 21.692689895629883, 21.698801040649414, 21.70515251159668, 21.705463409423828], "VMAFCLIPPED": [88.1255874633789, 102.98806762695312, 106.61034393310547, 107.33344268798828, 108.73115539550781, 109.7698745727539, 109.8121109008789], "VMAFNEG": [68.78937530517578, 79.22515869140625, 81.56523895263672, 82.01306915283203, 82.72355651855469, 83.1798324584961, 83.20077514648438]}