{"ERQA": [0.498433485078091, 0.6201577425382552, 0.6711416990787473, 0.7015867269241933, 0.7284025559041568, 0.7511441632289368, 0.7654441065259384], "LPIPS": [0.7001233407821229, 0.8031924916201117, 0.8581770558659219, 0.8888520391061454, 0.9125295195530726, 0.9285631173184355, 0.940052687150838], "MSSSIM": [0.9423946837584177, 0.9696531891822815, 0.9790745973587036, 0.9832528829574585, 0.9862513343493143, 0.9880926410357157, 0.989236980676651], "PSNR": [25.024938583374023, 25.928356170654297, 26.201696395874023, 26.316804885864258, 26.40545082092285, 26.460559844970703, 26.487974166870117], "VMAFCLIPPED": [45.15100860595703, 73.98551177978516, 89.59368896484375, 97.921142578125, 104.76248168945312, 109.10636138916016, 111.2436752319336], "VMAFNEG": [39.691383361816406, 63.587154388427734, 75.58070373535156, 81.38871765136719, 85.89425659179688, 88.50627899169922, 89.70307159423828]}