{"ERQA": [0.41817842638423536, 0.5581955817929728, 0.618171652075432, 0.6526999169153804, 0.6771151312206599, 0.7084760326873936, 0.7322402395321622], "LPIPS": [0.6374679400000001, 0.7357363000000001, 0.78187792, 0.8155252900000001, 0.8394351, 0.8632030700000002, 0.88622181], "MSSSIM": [0.9629465540250143, 0.9813394943873087, 0.9872937798500061, 0.9901595711708069, 0.9918407996495565, 0.9933443566163381, 0.9944187005360922], "PSNR": [27.5999813079834, 28.430652618408203, 28.660411834716797, 28.768325805664062, 28.831623077392578, 28.897991180419922, 28.944961547851562], "VMAFCLIPPED": [50.11063003540039, 80.70252990722656, 95.00859069824219, 101.99994659423828, 106.06438446044922, 110.3278579711914, 112.85792541503906], "VMAFNEG": [42.91590118408203, 68.1441421508789, 78.72061157226562, 83.32685089111328, 85.81838989257812, 88.15172576904297, 89.44084930419922]}