{"ERQA": [0.5207188327782076, 0.5639539862675084, 0.5856104430188004, 0.5911858202969875, 0.5981064984098473, 0.601349456721478, 0.6013747080229506], "LPIPS": [0.8872301200000001, 0.92348067, 0.93331542, 0.9363749700000001, 0.9414977599999999, 0.94443866, 0.94455734], "MSSSIM": [0.9761117001374563, 0.980985144774119, 0.9820126096407572, 0.982234925031662, 0.9825252890586853, 0.982733964920044, 0.9827466805775961], "PSNR": [21.302173614501953, 21.337743759155273, 21.33382797241211, 21.334758758544922, 21.336301803588867, 21.338729858398438, 21.33892059326172], "VMAFCLIPPED": [68.74559783935547, 74.57197570800781, 75.80081939697266, 75.97026824951172, 76.50408935546875, 77.04192352294922, 77.04273223876953], "VMAFNEG": [50.800716400146484, 54.31724166870117, 54.924713134765625, 55.057804107666016, 55.26608657836914, 55.391300201416016, 55.395328521728516]}