{"ERQA": [0.4691804054084057, 0.5681202927220361, 0.6040873033191648, 0.6228903095885484, 0.6374575175177095, 0.6471737782563731, 0.6534980004018692], "LPIPS": [0.7051259441340781, 0.807712592178771, 0.8609880893854749, 0.8898755754189945, 0.9116696312849163, 0.9260803016759777, 0.9363748435754189], "MSSSIM": [0.938804934422175, 0.9637312193711599, 0.9718067447344462, 0.975157896677653, 0.9774913688500723, 0.9788605769475301, 0.9796522259712219], "PSNR": [24.593795776367188, 25.275089263916016, 25.44587516784668, 25.505510330200195, 25.54627799987793, 25.566505432128906, 25.575023651123047], "VMAFCLIPPED": [38.60133361816406, 58.272064208984375, 66.67916870117188, 70.5094985961914, 73.3125991821289, 74.7861328125, 75.50617218017578], "VMAFNEG": [32.9005126953125, 48.43846130371094, 54.49726867675781, 56.85605239868164, 58.46059036254883, 59.259639739990234, 59.58361053466797]}