{"ERQA": [0.3921796899000691, 0.5131491841846233, 0.5592054986652358, 0.5821225665110723, 0.5965487747858825, 0.6125952959908678, 0.6224970939059007], "LPIPS": [0.6555395850000001, 0.75279257, 0.797592485, 0.8292803849999999, 0.8509136600000001, 0.87083513, 0.8892424150000001], "MSSSIM": [0.960305372873942, 0.9771060049533844, 0.9822379946708679, 0.9845079978307089, 0.9857703447341919, 0.9868399798870087, 0.9875558018684387], "PSNR": [27.268115997314453, 27.911087036132812, 28.060617446899414, 28.116416931152344, 28.14313316345215, 28.164697647094727, 28.176776885986328], "VMAFCLIPPED": [43.63004684448242, 65.57994079589844, 73.97660064697266, 77.44535827636719, 79.2182388305664, 80.81791687011719, 81.69750213623047], "VMAFNEG": [36.257080078125, 53.85329818725586, 59.91220474243164, 62.07124328613281, 63.078426361083984, 63.943641662597656, 64.33940124511719]}