{"ERQA": [0.7949721460324055, 0.912576864367855, 0.9437170944645086, 0.9551583652431371, 0.9660821072813904, 0.9732352699338598, 0.976538667304387, 0.9831686408082598], "LPIPS": [0.95657877, 0.9788982, 0.9831769199999999, 0.9877479699999999, 0.99619415, 0.9979354600000001, 0.9985665800000001, 0.99945485], "MSSSIM": [0.9867409467697144, 0.9895155231157938, 0.9900361696879069, 0.9903256694475809, 0.9908590515454611, 0.9911600053310394, 0.9913056691487631, 0.9915192524592081], "PSNR": [21.979900360107422, 21.9991512298584, 22.00148582458496, 22.004413604736328, 22.009963989257812, 22.012683868408203, 22.014375686645508, 22.01626968383789], "VMAF": [100.0, 100.0, 100.0, 100.0, 100.0, 100.0, 100.0, 100.0], "VMAFCLIPPED": [121.20951080322266, 132.48919677734375, 135.0422821044922, 136.3725128173828, 137.84886169433594, 139.66502380371094, 140.6171875, 141.88319396972656], "VMAFNEG": [82.59564208984375, 87.25723266601562, 88.21843719482422, 88.62643432617188, 89.05665588378906, 89.45658111572266, 89.60863494873047, 89.78533935546875]}