{"ERQA": [0.6887770960347408, 0.7499547699163721, 0.8108470283751482, 0.8411262853435822, 0.875394320299184, 0.8993325185804095, 0.9111798445448325, 0.9286176414346455], "LPIPS": [0.7940862234636872, 0.84944712849162, 0.9093046815642458, 0.9353857765363128, 0.9574826871508381, 0.9692982290502794, 0.9746498938547487, 0.982294284916201], "MSSSIM": [0.9629619618256887, 0.9730501671632131, 0.9813736379146576, 0.9847178359826406, 0.9873420596122742, 0.9886098702748617, 0.9890892803668976, 0.9897257288297018], "PSNR": [25.968017578125, 26.250539779663086, 26.42208480834961, 26.478485107421875, 26.533710479736328, 26.561935424804688, 26.57408905029297, 26.5897274017334], "VMAF": [76.92152404785156, 92.16077423095703, 99.98542022705078, 100.0, 100.0, 100.0, 100.0, 100.0], "VMAFCLIPPED": [76.92152404785156, 92.20149230957031, 109.07101440429688, 117.3368148803711, 125.7203598022461, 130.50962829589844, 132.55555725097656, 135.24069213867188], "VMAFNEG": [63.41019821166992, 73.37371826171875, 82.88055419921875, 86.7297134399414, 89.79357147216797, 91.15545654296875, 91.61988830566406, 92.1396713256836]}