{"ERQA": [0.6723461563825305, 0.804509256402785, 0.8568770280715889, 0.8836037660716881, 0.9078656356849302, 0.9242742835268569, 0.932261790270337, 0.94420709025805], "LPIPS": [0.735206785, 0.8530795749999999, 0.90384423, 0.9285455399999999, 0.951651295, 0.965169725, 0.971752325, 0.98049041], "MSSSIM": [0.9744676649570465, 0.9866134524345398, 0.9906147619088491, 0.9922690391540527, 0.9936039547125498, 0.9943516055742899, 0.9946945408980051, 0.9951779743035635], "PSNR": [28.47231101989746, 28.880266189575195, 28.99095344543457, 29.0344181060791, 29.070173263549805, 29.087799072265625, 29.097076416015625, 29.109580993652344], "VMAF": [80.9698715209961, 98.85853576660156, 99.92728424072266, 99.99312591552734, 100.0, 100.0, 100.0, 100.0], "VMAFCLIPPED": [80.98482513427734, 106.16354370117188, 117.21190643310547, 122.7409896850586, 127.77922821044922, 131.3163299560547, 132.89854431152344, 134.9084014892578], "VMAFNEG": [66.4058837890625, 82.39010620117188, 87.7226333618164, 89.73965454101562, 91.16809844970703, 91.9063491821289, 92.19981384277344, 92.52220916748047]}