{"ERQA": [0.4023928752795951, 0.5975584645226094, 0.666023522860179, 0.7054511747112702, 0.7509740645307981, 0.7732982246662001, 0.7794920751793872, 0.7854549034250956], "LPIPS": [0.72055128, 0.8286267700000001, 0.8854043699999999, 0.9109892199999997, 0.9303898599999999, 0.9390343500000001, 0.9409362200000001, 0.94222556], "MSSSIM": [0.9242711961269379, 0.9704535802205404, 0.9807483653227488, 0.9841494162877401, 0.9862344364325205, 0.9869830707708994, 0.9871868193149567, 0.9873479902744293], "PSNR": [20.819427490234375, 21.690166473388672, 21.839122772216797, 21.86879539489746, 21.881912231445312, 21.88991928100586, 21.890634536743164, 21.892478942871094], "VMAF": [18.962791442871094, 66.78838348388672, 91.95267486572266, 97.99088287353516, 99.9855728149414, 100.0, 100.0, 100.0], "VMAFCLIPPED": [18.885101318359375, 66.78838348388672, 92.26885986328125, 102.8741683959961, 110.4271240234375, 113.51793670654297, 114.38461303710938, 114.95240783691406], "VMAFNEG": [15.232022285461426, 53.265098571777344, 69.36318969726562, 74.98687744140625, 78.43712615966797, 79.654541015625, 79.93949890136719, 80.1281509399414], "VMAFNEGSHIFTED": [15.522957801818848, 53.24833297729492, 69.23594665527344, 74.87224578857422, 78.33506774902344, 79.56205749511719, 79.85298156738281, 80.05239868164062], "VMAFSHIFTED": [19.58401107788086, 67.08740997314453, 92.4878158569336, 103.151611328125, 110.87602233886719, 113.77623748779297, 114.52547454833984, 115.17082977294922]}