{"ERQA": [0.265657167883273, 0.5165436392693272, 0.6194390358778916, 0.6760868796434342, 0.7266354198421401, 0.7508318481174627, 0.7589722601095139, 0.7645701040137548], "LPIPS": [0.5780249497206704, 0.7114843463687152, 0.7876060502793296, 0.840259033519553, 0.8946660000000001, 0.9220803128491619, 0.9287999162011172, 0.9334062849162011], "MSSSIM": [0.8882953822612762, 0.9383606712023417, 0.9597906172275543, 0.9709044396877289, 0.9792682429154714, 0.9830136696497599, 0.9839543104171753, 0.9846813281377157], "PSNR": [23.584716796875, 25.03998374938965, 25.779457092285156, 26.106719970703125, 26.328990936279297, 26.423120498657227, 26.437881469726562, 26.451440811157227], "VMAF": [9.989470481872559, 44.953372955322266, 67.55692291259766, 84.18134307861328, 98.70220947265625, 99.97467803955078, 100.0, 100.0], "VMAFCLIPPED": [9.989470481872559, 44.953372955322266, 67.55692291259766, 84.18134307861328, 100.6568374633789, 109.337158203125, 111.80870056152344, 113.67057800292969], "VMAFNEG": [8.883773803710938, 39.68838882446289, 57.498321533203125, 69.19606018066406, 79.24073791503906, 83.69746398925781, 84.812255859375, 85.64374542236328], "VMAFNEGSHIFTED": [9.051660537719727, 39.87541580200195, 57.6359977722168, 69.27777862548828, 79.2633285522461, 83.70396423339844, 84.81839752197266, 85.64051055908203], "VMAFSHIFTED": [10.248936653137207, 45.32689666748047, 67.78022766113281, 84.23591613769531, 100.7154312133789, 109.39693450927734, 111.8526611328125, 113.7204360961914]}