{"ERQA": [0.26319867118915147, 0.5123654504741002, 0.6125886226454146, 0.6606701628243912, 0.6964755182116601, 0.7099867199822343, 0.7143061107116302, 0.719718320580151], "LPIPS": [0.54891692, 0.68870352, 0.7780131, 0.8316153900000001, 0.87405911, 0.8902878000000001, 0.89397685, 0.896797215], "MSSSIM": [0.9262506365776062, 0.9657665888468424, 0.9786928196748098, 0.9842171967029572, 0.9881292482217153, 0.9897478818893433, 0.990181436141332, 0.9905668099721273], "PSNR": [26.350292205810547, 27.995824813842773, 28.500732421875, 28.70058250427246, 28.834270477294922, 28.878461837768555, 28.88799285888672, 28.894908905029297], "VMAF": [20.110227584838867, 59.86222839355469, 83.0801773071289, 95.06147003173828, 99.91616821289062, 100.0, 100.0, 100.0], "VMAFCLIPPED": [20.110227584838867, 59.86222839355469, 83.08685302734375, 95.72533416748047, 105.61324310302734, 110.0286636352539, 111.22928619384766, 112.25713348388672], "VMAFNEG": [17.349519729614258, 51.137508392333984, 68.60096740722656, 76.6891098022461, 82.26688385009766, 84.29426574707031, 84.79725646972656, 85.21806335449219], "VMAFNEGSHIFTED": [17.378982543945312, 51.15013885498047, 68.61090850830078, 76.69808959960938, 82.2726058959961, 84.29801940917969, 84.79991149902344, 85.22067260742188], "VMAFSHIFTED": [20.261089324951172, 59.87601089477539, 83.09809875488281, 95.73663330078125, 105.61918640136719, 110.0313949584961, 111.23139190673828, 112.25879669189453]}