{"ERQA": [0.1510318099043535, 0.16096485013624307, 0.16276229303772605, 0.1635613019437106, 0.1630286715342933, 0.16313199421077595, 0.16273916617551248], "LPIPS": [0.73809823, 0.8288252000000002, 0.8783801800000001, 0.9059296999999998, 0.9301132099999998, 0.9426371, 0.94610661], "MSSSIM": [0.9218880732854208, 0.9647460877895355, 0.973969966173172, 0.9774497151374817, 0.9799404839674631, 0.9811526934305826, 0.981624186038971], "PSNR": [20.717748641967773, 21.47880744934082, 21.57499885559082, 21.591001510620117, 21.601449966430664, 21.6082763671875, 21.60920524597168], "VMAFCLIPPED": [14.744473457336426, 50.716583251953125, 64.04261016845703, 69.46900939941406, 73.6034164428711, 75.50077819824219, 76.19296264648438], "VMAFNEG": [11.661369323730469, 39.99283218383789, 49.05766677856445, 52.199378967285156, 54.16414260864258, 54.98307418823242, 55.254859924316406], "VMAFNEGSHIFTED": [12.090047836303711, 40.028926849365234, 49.103363037109375, 52.187652587890625, 54.133480072021484, 54.9141960144043, 55.16788864135742], "VMAFSHIFTED": [15.571483612060547, 51.121437072753906, 64.40150451660156, 69.82965087890625, 73.86573791503906, 75.82838439941406, 76.51055145263672]}