{
  
  "ERQA": [ 0.14479679989167363, 0.18248616091797654, 0.20351337132036543, 0.21416208445821322, 0.22391478188541186, 0.2278185208695292, 0.22960042529904154 ],
  "LPIPS": [ 0.5724958715083798, 0.7059189441340782, 0.7787338770949722, 0.8329276648044694, 0.8937803296089386, 0.9257936480446927, 0.9356842737430168 ],
  "MSSSIM": [ 0.8860029379526774, 0.9342509607474009, 0.9540321131547292, 0.9639275868733724, 0.97145347793897, 0.9751342833042145, 0.9763520161310831 ],
  "PSNR": [ 23.31396484375, 24.633272171020508, 25.196218490600586, 25.432016372680664, 25.588401794433594, 25.65360450744629, 25.666175842285156 ],
  "VMAFCLIPPED": [ 6.681728839874268, 35.13604736328125, 51.14155960083008, 60.67074203491211, 68.89584350585938, 72.64187622070312, 73.7204818725586 ],
  "VMAFNEG": [ 5.517452716827393, 30.799999237060547, 43.64607620239258, 50.851707458496094, 56.116371154785156, 58.18844985961914, 58.75479507446289 ],
  "VMAFNEGSHIFTED": [ 5.668340682983398, 30.946992874145508, 43.79389953613281, 50.9000358581543, 56.138954162597656, 58.17169189453125, 58.7315673828125 ],
  "VMAFSHIFTED": [ 6.822543144226074, 35.261207580566406, 51.21780014038086, 60.774169921875, 68.841796875, 72.55513763427734, 73.68094635009766 ]
}