{"ERQA": [0.05401697832867362, 0.08399021532104224, 0.09667214678126988, 0.10228057684867024, 0.10772133873785152, 0.11115059669263412, 0.11256914438376306], "LPIPS": [0.559948055, 0.6899885299999999, 0.77402314, 0.828533075, 0.876541075, 0.90057082, 0.9097453299999999], "MSSSIM": [0.9261110623677572, 0.9630056122938792, 0.9744836390018463, 0.9793772200743357, 0.9830102423826853, 0.984900047381719, 0.9856185813744863], "PSNR": [26.242462158203125, 27.640520095825195, 28.005809783935547, 28.143144607543945, 28.23100471496582, 28.271345138549805, 28.284639358520508], "VMAFCLIPPED": [17.09162139892578, 48.532344818115234, 64.41870880126953, 71.76648712158203, 77.09803771972656, 79.44573211669922, 80.25003814697266], "VMAFNEG": [14.389533042907715, 41.32347869873047, 53.554325103759766, 58.680625915527344, 61.88929748535156, 63.19940948486328, 63.60639953613281], "VMAFNEGSHIFTED": [14.413914680480957, 41.34560012817383, 53.52749252319336, 58.6258659362793, 61.83116149902344, 63.116676330566406, 63.518028259277344], "VMAFSHIFTED": [17.263263702392578, 48.515296936035156, 64.32840728759766, 71.71949768066406, 77.07377624511719, 79.41785430908203, 80.22574615478516]}