{"ERQA": [0.389772276776335, 0.5518974688857189, 0.6217224874666124, 0.6753212174252515, 0.7393646874526267, 0.770017485776856, 0.777282277504711, 0.7858532354343329], "LPIPS": [0.71766439, 0.8175432100000001, 0.8745812799999999, 0.90672021, 0.9307008999999999, 0.9408828700000003, 0.9442732100000001, 0.94734949], "MSSSIM": [0.9236800173918406, 0.9695656498273214, 0.9807476997375488, 0.9851859013239542, 0.9881034791469574, 0.9892093539237976, 0.9895233511924744, 0.9897834161917368], "PSNR": [21.16284942626953, 22.27640724182129, 22.48575210571289, 22.553112030029297, 22.60177993774414, 22.626338958740234, 22.632837295532227, 22.63764190673828], "VMAF": [17.136865615844727, 61.93503952026367, 84.8919906616211, 94.6614990234375, 98.81674194335938, 99.78937530517578, 99.94816589355469, 100.0], "VMAFCLIPPED": [16.672725677490234, 61.93503952026367, 84.8919906616211, 96.11557006835938, 104.12733459472656, 107.91500091552734, 109.24351501464844, 110.56645965576172], "VMAFNEG": [14.021402359008789, 51.34117126464844, 68.37203979492188, 75.43000793457031, 80.13240814208984, 82.09100341796875, 82.7071533203125, 83.26654815673828], "VMAFNEGSHIFTED": [14.411069869995117, 51.32489013671875, 68.21792602539062, 75.30037689208984, 79.92713165283203, 81.80803680419922, 82.395751953125, 82.9100341796875], "VMAFSHIFTED": [17.437429428100586, 62.037200927734375, 84.96263122558594, 96.00444793701172, 103.97083282470703, 107.60845947265625, 108.92503356933594, 110.24539184570312]}