{"ERQA": [0.26822838870643734, 0.478004723733295, 0.5765799425399327, 0.6362671866155246, 0.6928873747971938, 0.7270189689098462, 0.7394119013616128, 0.7531475553827376], "LPIPS": [0.5561347877094972, 0.6838663910614525, 0.757779279329609, 0.8149052402234638, 0.8809964581005586, 0.9177490837988826, 0.929501877094972, 0.941531994413408], "MSSSIM": [0.8897123336791992, 0.9391381839911143, 0.960530420144399, 0.9717126290003458, 0.9807634552319845, 0.9852335254351298, 0.9866557319959005, 0.988110621770223], "PSNR": [23.718170166015625, 25.365398406982422, 26.15591049194336, 26.536758422851562, 26.8226375579834, 26.955604553222656, 26.988346099853516, 27.031478881835938], "VMAF": [7.267408847808838, 39.692718505859375, 61.84661102294922, 77.86741638183594, 93.52860260009766, 99.54541778564453, 99.95362854003906, 100.0], "VMAFCLIPPED": [7.267408847808838, 39.692718505859375, 61.84661102294922, 77.86741638183594, 93.53966522216797, 102.15086364746094, 104.90723419189453, 107.571533203125], "VMAFNEG": [6.296985626220703, 35.89284896850586, 54.8192253112793, 67.64924621582031, 79.04894256591797, 84.5557632446289, 86.1925277709961, 87.69265747070312], "VMAFNEGSHIFTED": [6.468389987945557, 36.10609817504883, 55.013248443603516, 67.78617858886719, 79.13213348388672, 84.6038818359375, 86.2303695678711, 87.70934295654297], "VMAFSHIFTED": [7.513666152954102, 39.95654296875, 62.06258010864258, 78.00816345214844, 93.67486572265625, 102.21233367919922, 104.97220611572266, 107.5735092163086]}