{"ERQA": [0.23964986996671114, 0.4536631389297804, 0.5504534498882924, 0.601338040411625, 0.6495692492649854, 0.680284765912268, 0.6932468567217897, 0.7101885193294363], "LPIPS": [0.5079485499999999, 0.64162867, 0.72892691, 0.790768885, 0.852561695, 0.88383449, 0.8943544950000001, 0.90689605], "MSSSIM": [0.9287721614042918, 0.9671228726704916, 0.9797671735286713, 0.9853953222433726, 0.9896905521551768, 0.9919644693533579, 0.9928117493788401, 0.9938526848951975], "PSNR": [26.675647735595703, 28.418190002441406, 28.96352767944336, 29.19806671142578, 29.373210906982422, 29.46138572692871, 29.492605209350586, 29.533315658569336], "VMAF": [17.96609878540039, 55.55352020263672, 78.32678985595703, 90.62960052490234, 98.7779541015625, 99.99430084228516, 100.0, 100.0], "VMAFCLIPPED": [17.956974029541016, 55.55352020263672, 78.32678985595703, 90.65801239013672, 100.85379791259766, 106.04782104492188, 107.90264892578125, 110.17143249511719], "VMAFNEG": [15.547113418579102, 48.7270393371582, 67.25110626220703, 76.23272705078125, 82.80169677734375, 85.72076416015625, 86.66878509521484, 87.72456359863281], "VMAFNEGSHIFTED": [15.540325164794922, 48.74522399902344, 67.2596435546875, 76.24114990234375, 82.79074096679688, 85.7048568725586, 86.64741516113281, 87.70195770263672], "VMAFSHIFTED": [18.18218231201172, 55.612247467041016, 78.3342514038086, 90.61917114257812, 100.87351989746094, 106.03307342529297, 107.93975067138672, 110.15603637695312]}