{"ERQA": [0.47436537343257423, 0.6415058240766806, 0.6993786286377843, 0.7296323623771228, 0.7569474847616802, 0.7699247413600413, 0.7765099374805731, 0.7820456398599867], "LPIPS": [0.7603151600000002, 0.86833521, 0.9047475800000001, 0.9186939700000002, 0.92760028, 0.9331305200000002, 0.93647312, 0.94105272], "MSSSIM": [0.942406048377355, 0.9753080209096273, 0.9824507137139639, 0.9847816824913025, 0.9862252374490103, 0.9868187208970388, 0.9870056211948395, 0.9872173964977264], "PSNR": [21.213754653930664, 21.75506019592285, 21.847116470336914, 21.869359970092773, 21.882841110229492, 21.88966941833496, 21.890869140625, 21.892061233520508], "VMAF": [34.22681427001953, 80.98377990722656, 95.50625610351562, 99.03749084472656, 99.9996566772461, 100.0, 100.0, 100.0], "VMAFCLIPPED": [34.22681427001953, 80.98377990722656, 99.02254486083984, 106.22173309326172, 110.94120788574219, 113.21233367919922, 113.97551727294922, 114.80811309814453], "VMAFNEG": [26.749879837036133, 61.84499740600586, 72.67670440673828, 76.44557189941406, 78.68862915039062, 79.59648895263672, 79.87373352050781, 80.1002197265625]}