{"ERQA": [0.3912518066062347, 0.5652338787872462, 0.6444069705632085, 0.6850203522090985, 0.7258446053984289, 0.7479476086078891, 0.7555744600854134, 0.7624974662185234], "LPIPS": [0.6462566368715084, 0.7408643519553072, 0.8032873128491621, 0.8442518826815641, 0.8875635418994413, 0.912593067039106, 0.9213803854748603, 0.9302792513966481], "MSSSIM": [0.9106821616490682, 0.9488837520281473, 0.9645413160324097, 0.9728132287661234, 0.9798153936862946, 0.9830585916837057, 0.9839946031570435, 0.9847910503546397], "PSNR": [24.14019775390625, 25.507070541381836, 25.995677947998047, 26.21843719482422, 26.373828887939453, 26.435569763183594, 26.450374603271484, 26.457612991333008], "VMAF": [24.083511352539062, 55.86186218261719, 75.59274291992188, 88.551513671875, 98.86802673339844, 99.99447631835938, 100.0, 100.0], "VMAFCLIPPED": [24.083511352539062, 55.86186218261719, 75.59274291992188, 88.5550537109375, 101.9470443725586, 109.3605728149414, 111.67961883544922, 113.65599822998047], "VMAFNEG": [21.666494369506836, 48.38222885131836, 63.2919921875, 72.17900085449219, 80.19609069824219, 83.94194030761719, 84.94766998291016, 85.6976089477539]}