{"ERQA": [0.3590399171748202, 0.5609620997862071, 0.6303373448913947, 0.6640111060885175, 0.6923796126851305, 0.7070285271667379, 0.7118443817129233, 0.7165588443199872], "LPIPS": [0.61875991, 0.725911785, 0.7890666249999999, 0.82917766, 0.8641239749999999, 0.8827390899999998, 0.8881098300000001, 0.8942157199999999], "MSSSIM": [0.9438433249791464, 0.9722827772299448, 0.9813231329123179, 0.9855849842230479, 0.9885887503623962, 0.9898970027764639, 0.9902442793051401, 0.9905706445376078], "PSNR": [27.15983772277832, 28.31818199157715, 28.638690948486328, 28.764421463012695, 28.854633331298828, 28.89093780517578, 28.896926879882812, 28.90271759033203], "VMAF": [34.62238693237305, 72.05072784423828, 89.73193359375, 97.53514099121094, 99.96248626708984, 100.0, 100.0, 100.0], "VMAFCLIPPED": [34.62238693237305, 72.05072784423828, 89.774658203125, 99.09152221679688, 106.48222351074219, 110.19145202636719, 111.18588256835938, 112.3650131225586], "VMAFNEG": [29.496335983276367, 60.46159362792969, 73.24446868896484, 79.035888671875, 82.94389343261719, 84.46856689453125, 84.8673095703125, 85.24880981445312]}