{"ERQA": [0.7277774474438917, 0.8323079771535745, 0.8593237295659454, 0.8703384321712111, 0.8777269294641957, 0.8815349181705846, 0.8830470024088707, 0.884329919502005], "LPIPS": [0.9247945899999999, 0.9498607200000001, 0.95590102, 0.95960761, 0.9614558599999999, 0.9622938199999999, 0.96260007, 0.96279239], "MSSSIM": [0.9851202766100565, 0.9878358443578085, 0.9881208141644796, 0.9881398777167002, 0.9881961345672607, 0.9882064660390218, 0.9882094959417979, 0.9882099727789561], "PSNR": [21.951635360717773, 21.989473342895508, 22.011686325073242, 22.06196403503418, 22.092931747436523, 22.10547637939453, 22.106765747070312, 22.108062744140625], "VMAF": [96.61345672607422, 99.88358306884766, 99.95569610595703, 99.99981689453125, 100.0, 100.0, 100.0, 100.0], "VMAFCLIPPED": [98.79259490966797, 106.41156005859375, 107.62894439697266, 108.11643981933594, 108.87339782714844, 109.4534683227539, 109.6752700805664, 109.82733154296875], "VMAFNEG": [75.37227630615234, 80.10758209228516, 80.88459777832031, 81.2498779296875, 81.67618560791016, 81.929443359375, 82.00332641601562, 82.05342864990234]}