{"ERQA": [0.5269835128413408, 0.6546416859642448, 0.7061019641965337, 0.7294346124359615, 0.7487157671802337, 0.7600606668019172, 0.7642824867165645, 0.7679380575439295], "LPIPS": [0.7207448715083798, 0.8233767486033519, 0.8710718659217879, 0.8922028938547486, 0.9067343240223463, 0.9136974189944133, 0.9159961229050279, 0.9182298044692737], "MSSSIM": [0.9521993199984232, 0.9718643426895142, 0.9786682724952698, 0.9813404281934103, 0.9831752081712087, 0.9840081234773, 0.984284371137619, 0.9845060507456461], "PSNR": [25.642820358276367, 26.238039016723633, 26.452497482299805, 26.566787719726562, 26.66634750366211, 26.720088958740234, 26.737159729003906, 26.75350570678711], "VMAF": [52.124637603759766, 77.46268463134766, 88.84163665771484, 93.2960433959961, 96.62298583984375, 98.09309387207031, 98.4343032836914, 98.6194076538086], "VMAFCLIPPED": [52.124637603759766, 77.46268463134766, 88.84163665771484, 93.2960433959961, 96.62657165527344, 98.16294860839844, 98.60269165039062, 98.88150024414062], "VMAFNEG": [46.86083221435547, 67.52816772460938, 75.9503402709961, 79.14534759521484, 81.53422546386719, 82.65513610839844, 82.98055267333984, 83.20768737792969]}