{"ERQA": [0.5049453344112853, 0.6172441780112686, 0.6621559410163533, 0.6827952242932227, 0.7023065069716526, 0.713420047504455, 0.717538835532012, 0.7229120155059581], "LPIPS": [0.713223365, 0.80246566, 0.8381478849999999, 0.8540359550000001, 0.867472945, 0.87478839, 0.8772834750000001, 0.8809843049999999], "MSSSIM": [0.9738714396953583, 0.9843357900778452, 0.9872118135293325, 0.9882822434107462, 0.9891446729501089, 0.9895642995834351, 0.9896981716156006, 0.9897999167442322], "PSNR": [28.07727813720703, 28.440258026123047, 28.55337142944336, 28.605600357055664, 28.647682189941406, 28.66924285888672, 28.671810150146484, 28.677919387817383], "VMAF": [66.90030670166016, 87.20042419433594, 93.96482849121094, 96.7809066772461, 98.58982849121094, 99.11271667480469, 99.21732330322266, 99.27935028076172], "VMAFCLIPPED": [66.90030670166016, 87.20042419433594, 93.97261810302734, 96.84810638427734, 99.4248046875, 100.59830474853516, 100.9779281616211, 101.31328582763672], "VMAFNEG": [57.904136657714844, 73.99486541748047, 78.81112670898438, 80.73995208740234, 82.400146484375, 83.17515563964844, 83.4223861694336, 83.62124633789062]}