{"ERQA": [0.7405103278344507, 0.8520705238900759, 0.8843295008206024, 0.8899943326268439, 0.894640574950112, 0.8980223732239518, 0.8982888095502688], "LPIPS": [0.9392867399999999, 0.9668475099999998, 0.9722313399999999, 0.97349357, 0.9750928700000001, 0.97607421, 0.97613001], "MSSSIM": [0.9823901057243347, 0.9875070651372274, 0.9884549280007681, 0.98864017923673, 0.9888956646124522, 0.9890779157479604, 0.9890864789485931], "PSNR": [21.74358558654785, 21.838050842285156, 21.85176658630371, 21.856197357177734, 21.861305236816406, 21.865190505981445, 21.865375518798828], "VMAFCLIPPED": [97.74028015136719, 112.9506607055664, 116.6004867553711, 117.35099792480469, 118.57388305664062, 119.48599243164062, 119.52687072753906], "VMAFNEG": [74.19751739501953, 83.25391387939453, 85.00059509277344, 85.38597869873047, 85.96631622314453, 86.32955169677734, 86.34306335449219]}