{"ERQA": [0.5859728571579802, 0.6955534711557162, 0.735220726023017, 0.7553627707774935, 0.7697711508011786, 0.7794280906210626, 0.7858159526495606], "LPIPS": [0.7308549888268155, 0.8273787486033519, 0.8688437541899441, 0.8876286536312848, 0.901206497206704, 0.9096557150837988, 0.9158854413407821], "MSSSIM": [0.9410900274912516, 0.9677898387114207, 0.976594477891922, 0.9805416961510977, 0.9834317962328593, 0.9852425257364908, 0.9863962928454081], "PSNR": [25.02414321899414, 25.935983657836914, 26.187030792236328, 26.285829544067383, 26.35977554321289, 26.40476417541504, 26.432458877563477], "VMAFCLIPPED": [50.05411148071289, 75.7995834350586, 89.7767333984375, 97.2396469116211, 104.14286804199219, 108.8121566772461, 111.42329406738281], "VMAFNEG": [43.2411003112793, 64.85153198242188, 75.37197875976562, 80.37701416015625, 84.39786529541016, 86.80623626708984, 88.02823638916016]}