{"ERQA": [0.5741823627441992, 0.6787726036223162, 0.7102289796589348, 0.7311068998067161, 0.7478982198653377, 0.7636982794607805, 0.7752830443941817], "LPIPS": [0.7474198899999999, 0.8374182400000001, 0.87138779, 0.893155785, 0.9074456599999999, 0.9196511350000001, 0.9289097599999999], "MSSSIM": [0.9589125911394755, 0.9772525330384573, 0.9831737379233042, 0.986430803934733, 0.9885768592357635, 0.990396132071813, 0.9916416307290395], "PSNR": [27.316328048706055, 28.127033233642578, 28.350292205810547, 28.482452392578125, 28.581764221191406, 28.666038513183594, 28.72054100036621], "VMAFCLIPPED": [61.986820220947266, 92.39214324951172, 106.13349914550781, 112.91801452636719, 117.0119857788086, 121.34683227539062, 124.01390838623047], "VMAFNEG": [46.92381286621094, 69.68203735351562, 78.54100036621094, 82.49723052978516, 84.8364486694336, 86.7497787475586, 87.76331329345703]}