{"ERQA": [0.49083584790067425, 0.6548421565497898, 0.738812909652866, 0.8018865665352378, 0.8487420912895686, 0.8683942613152202, 0.8758415890135516, 0.882639819048948], "LPIPS": [0.7954005999999998, 0.8966757599999998, 0.9324038200000001, 0.9466250799999998, 0.9560113599999999, 0.96020663, 0.96164415, 0.96265432], "MSSSIM": [0.9490437904993693, 0.9788472155729929, 0.985158751408259, 0.9870237410068512, 0.9879996379216512, 0.9882315198580424, 0.988241026798884, 0.9882204135258993], "PSNR": [21.315492630004883, 21.88680076599121, 21.987260818481445, 22.01970672607422, 22.04058265686035, 22.070724487304688, 22.090646743774414, 22.10527992248535], "VMAF": [36.68946075439453, 79.41851043701172, 93.33948516845703, 97.82112884521484, 99.51103210449219, 99.92079162597656, 99.97476196289062, 100.0], "VMAFCLIPPED": [36.68946075439453, 79.41851043701172, 94.87543487548828, 101.25254821777344, 105.61128997802734, 107.66288757324219, 108.49383544921875, 109.46190643310547], "VMAFNEG": [29.56591033935547, 63.72686004638672, 74.12452697753906, 78.00483703613281, 80.31784057617188, 81.29446411132812, 81.62252044677734, 81.95633697509766]}