{"ERQA": [0.36396966556467725, 0.5294153499046136, 0.6189122166144536, 0.6692433601101765, 0.7167849456786555, 0.7450902495376276, 0.7546087535363025, 0.7640130649031904], "LPIPS": [0.639770938547486, 0.7376904636871509, 0.8033793240223466, 0.8436577318435754, 0.882720966480447, 0.9029454189944134, 0.9095128044692739, 0.9153717932960894], "MSSSIM": [0.9133891959985098, 0.9503418703873953, 0.9659111698468527, 0.9735653301080068, 0.9797811706860861, 0.982594907283783, 0.9834094941616058, 0.9841011961301168], "PSNR": [24.291547775268555, 25.63038444519043, 26.141714096069336, 26.388809204101562, 26.583724975585938, 26.687772750854492, 26.722768783569336, 26.751195907592773], "VMAF": [20.08863639831543, 49.24282455444336, 67.43132781982422, 78.52165222167969, 89.08168029785156, 94.69036102294922, 96.47806549072266, 97.9397964477539], "VMAFCLIPPED": [20.08863639831543, 49.24282455444336, 67.43132781982422, 78.52165222167969, 89.08168029785156, 94.69036102294922, 96.47806549072266, 97.99549865722656], "VMAFNEG": [18.310062408447266, 44.49928665161133, 59.92412567138672, 68.84187316894531, 76.76602172851562, 80.63434600830078, 81.79949951171875, 82.75135803222656]}