{"ERQA": [0.31834756132035197, 0.5152004864627805, 0.5969089340539375, 0.6432298260990092, 0.683509850004953, 0.7054051675879678, 0.7131017490426603, 0.7212029716617662], "LPIPS": [0.61670553, 0.7173175900000001, 0.781017725, 0.8204967, 0.853831595, 0.869067395, 0.8739589750000001, 0.87919052], "MSSSIM": [0.9465919137001038, 0.9734177390734354, 0.9820870856444041, 0.9857975641886393, 0.9881733854611715, 0.9890619814395905, 0.9893218576908112, 0.9895804822444916], "PSNR": [27.04274559020996, 28.079071044921875, 28.400060653686523, 28.534313201904297, 28.625595092773438, 28.663982391357422, 28.675342559814453, 28.685155868530273], "VMAF": [31.43549346923828, 65.81155395507812, 81.97125244140625, 89.90309143066406, 95.40357971191406, 97.70458984375, 98.33826446533203, 98.92291259765625], "VMAFCLIPPED": [31.43549346923828, 65.81155395507812, 81.97125244140625, 89.90309143066406, 95.64830017089844, 98.49983215332031, 99.45532989501953, 100.51567840576172], "VMAFNEG": [27.407594680786133, 57.59233856201172, 70.75238037109375, 76.61698913574219, 80.51825714111328, 82.186767578125, 82.71610260009766, 83.24044036865234]}