{"ERQA": [0.6053315408864277, 0.6546094711337427, 0.6667575508411674, 0.6732283307814833, 0.6831751157915189, 0.6872054281030776, 0.689738846838791], "LPIPS": [0.8973759999999998, 0.9196683400000001, 0.9259942200000001, 0.9339162799999998, 0.9383299800000002, 0.9397104000000001, 0.93997332], "MSSSIM": [0.981722354888916, 0.9849413534005483, 0.9856575429439545, 0.9866834680239359, 0.9873721400896708, 0.9877307315667471, 0.9878596564133962], "PSNR": [21.81239128112793, 21.84735107421875, 21.848133087158203, 21.837800979614258, 21.8420467376709, 21.847698211669922, 21.849098205566406], "VMAFCLIPPED": [95.18639373779297, 103.20753479003906, 104.74624633789062, 105.17874145507812, 105.9596176147461, 106.34208679199219, 106.44849395751953], "VMAFNEG": [73.06226348876953, 78.06280517578125, 79.08300018310547, 79.47714233398438, 79.9665298461914, 80.15939331054688, 80.20532989501953]}