{"ERQA": [0.5315583305808116, 0.6422556124801861, 0.6893424276187121, 0.7128419112871256, 0.735391158733311, 0.7483348780275976, 0.7524444770870836], "LPIPS": [0.7160532402234637, 0.8189360111731843, 0.8745308100558656, 0.9047543798882681, 0.9289518491620112, 0.9413416424581006, 0.9456490111731842], "MSSSIM": [0.9514931440353394, 0.9719419082005819, 0.9796101351579031, 0.9831390579541525, 0.985898494720459, 0.987381766239802, 0.9879661202430725], "PSNR": [25.621137619018555, 26.195268630981445, 26.382469177246094, 26.461109161376953, 26.526533126831055, 26.564834594726562, 26.57813262939453], "VMAFCLIPPED": [56.411094665527344, 84.64028930664062, 98.96405792236328, 105.61598205566406, 111.08843231201172, 113.80350494384766, 114.53838348388672], "VMAFNEG": [49.43891143798828, 70.88532257080078, 80.41191101074219, 84.47378540039062, 87.65969848632812, 89.20611572265625, 89.6337890625]}