{"ERQA": [0.5199433011434202, 0.6342303400727114, 0.682771292928275, 0.7058525696622948, 0.7348376513244979, 0.7561262772902466, 0.7634350572414514], "LPIPS": [0.7194920249999999, 0.817564845, 0.861340385, 0.882992815, 0.9040636699999999, 0.917078405, 0.9219212150000001], "MSSSIM": [0.9740673303604126, 0.985355943441391, 0.9891101519266764, 0.9907707969347636, 0.9923661649227142, 0.9933741291364034, 0.9937814672787985], "PSNR": [28.377521514892578, 28.771385192871094, 28.893587112426758, 28.951629638671875, 29.021215438842773, 29.069469451904297, 29.087629318237305], "VMAFCLIPPED": [72.69042205810547, 97.04330444335938, 106.36005401611328, 111.06055450439453, 115.91650390625, 118.81803894042969, 119.7784423828125], "VMAFNEG": [61.093536376953125, 78.41747283935547, 84.04350280761719, 86.52298736572266, 88.99365997314453, 90.41366577148438, 90.87809753417969]}