{"ERQA": [0.7648554402447655, 0.8682602596794491, 0.8936906461423036, 0.897264776039425, 0.901173545940427, 0.9043163739778705, 0.9045112020266074], "LPIPS": [0.9469323300000001, 0.9689964799999999, 0.97324405, 0.9742580200000001, 0.9755945899999999, 0.9763952199999999, 0.9764312199999999], "MSSSIM": [0.9819539686044058, 0.9868102471033732, 0.9877270857493082, 0.9879022836685181, 0.9881452322006226, 0.9883200923601786, 0.9883285164833069], "PSNR": [21.716718673706055, 21.813392639160156, 21.82875633239746, 21.833112716674805, 21.83783531188965, 21.841440200805664, 21.841663360595703], "VMAFCLIPPED": [102.34310150146484, 115.25306701660156, 117.9979248046875, 118.66062927246094, 119.87659454345703, 120.74543762207031, 120.76563262939453], "VMAFNEG": [73.90645599365234, 81.96388244628906, 83.52836608886719, 83.87747955322266, 84.41615295410156, 84.76326751708984, 84.77735137939453]}