{"ERQA": [0.5970041348923116, 0.6997771219037954, 0.7317570315638492, 0.7482538327753547, 0.7598352688256121, 0.7697869097099515, 0.7764551903636498], "LPIPS": [0.7280316927374303, 0.8304965251396649, 0.8739490055865922, 0.8922225865921789, 0.9040483351955308, 0.9114836759776538, 0.9168924245810055], "MSSSIM": [0.9404979348182678, 0.9669171671072642, 0.9753913780053457, 0.9792406459649404, 0.9820783138275146, 0.9839398264884949, 0.9851401050885519], "PSNR": [24.88139533996582, 25.755329132080078, 25.993728637695312, 26.09293556213379, 26.170642852783203, 26.222726821899414, 26.252485275268555], "VMAFCLIPPED": [55.07455062866211, 83.02159118652344, 98.0332260131836, 105.8671875, 112.60807800292969, 116.71036529541016, 118.85945129394531], "VMAFNEG": [44.63658142089844, 65.87676239013672, 75.96275329589844, 80.6380615234375, 84.21438598632812, 86.3099594116211, 87.29521942138672]}