{"ERQA": [0.5818252582502049, 0.6850156736416579, 0.7133028611307666, 0.7313893714100824, 0.7469799175275312, 0.7616186579174967, 0.7720284762270933], "LPIPS": [0.741146085, 0.8355835349999999, 0.87018367, 0.8913904550000001, 0.90503356, 0.91649166, 0.924612355], "MSSSIM": [0.9592927694320679, 0.9768650035063425, 0.9824872314929962, 0.9855688015619913, 0.987664520740509, 0.9894570509592692, 0.9906607568264008], "PSNR": [27.26702880859375, 28.04129981994629, 28.251605987548828, 28.3681640625, 28.463821411132812, 28.54416847229004, 28.595645904541016], "VMAFCLIPPED": [63.064022064208984, 93.7518310546875, 107.266845703125, 114.16273498535156, 118.28607177734375, 122.58322143554688, 125.2370376586914], "VMAFNEG": [46.56101989746094, 68.51705932617188, 76.97832489013672, 80.79029846191406, 83.09500122070312, 84.99053192138672, 85.98843383789062]}