{"ERQA": [0.6412777926317755, 0.7469139354153606, 0.7844214919454624, 0.7901181653186304, 0.8006733087364335, 0.8081415484100043, 0.8086851937514213], "LPIPS": [0.8928353000000001, 0.93088893, 0.93961888, 0.9410037600000001, 0.9428603399999999, 0.9443167100000003, 0.94440848], "MSSSIM": [0.982083280881246, 0.9881566266218821, 0.9894404609998068, 0.9897058506806692, 0.9900335669517517, 0.9902736047903696, 0.9902854462464651], "PSNR": [22.245634078979492, 22.386749267578125, 22.414037704467773, 22.4226131439209, 22.432415008544922, 22.44060707092285, 22.44097328186035], "VMAFCLIPPED": [89.21914672851562, 104.2025375366211, 107.6826171875, 108.45813751220703, 109.82616424560547, 110.88804626464844, 110.93763732910156], "VMAFNEG": [69.72795867919922, 79.84711456298828, 81.91060638427734, 82.33028411865234, 82.98460388183594, 83.41338348388672, 83.43154907226562]}