{"ERQA": [0.4983635845663677, 0.6262080924912077, 0.6803504092676845, 0.711421906794947, 0.7379597714426827, 0.7562348001966123, 0.7674855949090125], "LPIPS": [0.6987848100558659, 0.8020754748603351, 0.8566316033519554, 0.8855162346368716, 0.9064525251396648, 0.9195304860335195, 0.9274253966480448], "MSSSIM": [0.9431040386358897, 0.9702854156494141, 0.979586253563563, 0.9836228489875793, 0.9864462614059448, 0.9881183008352915, 0.9891020357608795], "PSNR": [25.555883407592773, 26.57268714904785, 26.881118774414062, 27.007488250732422, 27.098926544189453, 27.150827407836914, 27.173995971679688], "VMAFCLIPPED": [44.533756256103516, 72.97300720214844, 88.23014068603516, 96.24844360351562, 102.66685485839844, 106.56449890136719, 108.42586517333984], "VMAFNEG": [39.40534210205078, 63.2984504699707, 75.19377899169922, 80.86292266845703, 85.11544799804688, 87.42618560791016, 88.42340850830078]}