{"ERQA": [0.4096907695791804, 0.5568264406848122, 0.6162197467419408, 0.6496665756438785, 0.6718599491976542, 0.6944518868250686, 0.7087203848172782], "LPIPS": [0.6332749, 0.734228225, 0.7799866350000001, 0.8099204299999999, 0.828945255, 0.845075595, 0.85758364], "MSSSIM": [0.9633804063002268, 0.9817455212275187, 0.9875636299451193, 0.9902734756469727, 0.9917984306812286, 0.9930931627750397, 0.9939568142096201], "PSNR": [28.195966720581055, 29.153236389160156, 29.419145584106445, 29.53751564025879, 29.602739334106445, 29.66162109375, 29.69599723815918], "VMAFCLIPPED": [49.53077697753906, 79.7632064819336, 93.70793914794922, 100.36264038085938, 104.11726379394531, 107.84459686279297, 109.90562438964844], "VMAFNEG": [42.67809295654297, 67.91162109375, 78.40003967285156, 82.818603515625, 85.11927795410156, 87.07594299316406, 88.0136947631836]}