{"ERQA": [0.5014783912147405, 0.5464514295154829, 0.559640263386658, 0.5706789565090765, 0.5786633530326629, 0.5839149380124855, 0.5897251221968522], "LPIPS": [0.8875157999999999, 0.9237051599999999, 0.9291675599999998, 0.9336449, 0.9380827499999999, 0.9433984700000001, 0.9477680599999999], "MSSSIM": [0.9756526450316111, 0.9803776144981384, 0.9809572696685791, 0.9813977380593618, 0.9816761910915375, 0.9818942447503408, 0.9820680518945059], "PSNR": [21.58060073852539, 21.601118087768555, 21.599681854248047, 21.596813201904297, 21.597087860107422, 21.603885650634766, 21.608375549316406], "VMAFCLIPPED": [67.1749496459961, 74.01256561279297, 74.74172973632812, 75.35247039794922, 76.14286804199219, 76.77830505371094, 77.15497589111328], "VMAFNEG": [50.48455810546875, 54.3877067565918, 54.83979415893555, 55.10100555419922, 55.31978988647461, 55.465702056884766, 55.53837585449219]}