{"ERQA": [0.4780851558544312, 0.5625890243096401, 0.5903604935334489, 0.6102310758660588, 0.628601204088632, 0.6434624756529902, 0.6493583168407199], "LPIPS": [0.7019895474860336, 0.7963745698324022, 0.8399948938547486, 0.8771358491620111, 0.908628815642458, 0.9329230893854747, 0.9416502458100557], "MSSSIM": [0.9414927363395691, 0.9611724217732748, 0.967644214630127, 0.9720511138439178, 0.9752237995465597, 0.977207620938619, 0.9778875410556793], "PSNR": [24.949987411499023, 25.418428421020508, 25.544836044311523, 25.616504669189453, 25.656145095825195, 25.675962448120117, 25.685726165771484], "VMAFCLIPPED": [41.36050033569336, 58.36259460449219, 64.87128448486328, 69.43949127197266, 72.70024871826172, 74.6256332397461, 75.16667175292969], "VMAFNEG": [35.68865966796875, 48.84700012207031, 53.440494537353516, 56.383174896240234, 58.24789810180664, 59.190345764160156, 59.41536331176758]}