{"ERQA": [0.3715417679536914, 0.5011472415523224, 0.571238604571611, 0.5934349365513136, 0.6111784592122541, 0.6240992252838854, 0.6320441241003998], "LPIPS": [0.630992785, 0.72867573, 0.817387415, 0.8524646250000001, 0.87928459, 0.9001345799999999, 0.914080975], "MSSSIM": [0.9564695854981741, 0.9724034468332926, 0.9810493091742197, 0.9833017885684967, 0.9847575624783834, 0.985737939675649, 0.9864135086536407], "PSNR": [27.499696731567383, 27.987274169921875, 28.219358444213867, 28.26129913330078, 28.284561157226562, 28.299312591552734, 28.309314727783203], "VMAFCLIPPED": [41.95058059692383, 61.85033416748047, 74.2288589477539, 77.42662048339844, 79.32691955566406, 80.56392669677734, 81.3558120727539], "VMAFNEG": [35.554256439208984, 51.482460021972656, 60.30366897583008, 62.18883514404297, 63.21466064453125, 63.81519317626953, 64.14220428466797]}