{"ERQA": [0.4468596814207482, 0.5514854577352482, 0.5973037070959216, 0.6225859017136367, 0.6475423929404215, 0.6606517012589528, 0.6656038169498598, 0.6709311777818325], "LPIPS": [0.7717975399999999, 0.8692362899999999, 0.9047190599999998, 0.9184716199999999, 0.92925637, 0.9362119899999999, 0.9396040800000001, 0.9426150200000002], "MSSSIM": [0.943813274304072, 0.9740106761455536, 0.9813881814479828, 0.984002927939097, 0.985742469628652, 0.9865955213705698, 0.9869396885236105, 0.9873814185460409], "PSNR": [21.277971267700195, 21.812097549438477, 21.927120208740234, 21.967838287353516, 21.99224090576172, 22.006868362426758, 22.012420654296875, 22.01642608642578], "VMAF": [33.48772048950195, 74.0106430053711, 89.2465591430664, 94.91400146484375, 98.04596710205078, 98.97650909423828, 99.24166870117188, 99.53693389892578], "VMAFCLIPPED": [33.48772048950195, 74.06539916992188, 89.58991241455078, 96.24164581298828, 100.8056411743164, 103.12584686279297, 103.97457122802734, 105.07807159423828], "VMAFNEG": [27.323806762695312, 60.53252410888672, 71.52483367919922, 75.89938354492188, 78.68438720703125, 79.88589477539062, 80.2821044921875, 80.69535827636719]}