{"ERQA": [0.386729077490137, 0.5277698491382538, 0.5948541796478817, 0.6310493792129344, 0.6678212362165054, 0.6924452614255363, 0.7025720467224958, 0.712943847520878], "LPIPS": [0.6399877262569832, 0.7333361005586592, 0.7954012178770951, 0.8370409944134077, 0.8820425307262568, 0.9127442793296091, 0.9248915474860335, 0.9370627262569833], "MSSSIM": [0.9103594720363617, 0.9481120308240255, 0.9641508460044861, 0.9726934631665548, 0.9803216755390167, 0.984486311674118, 0.9859255452950796, 0.9874344070752462], "PSNR": [24.19098472595215, 25.52764892578125, 26.02008819580078, 26.254478454589844, 26.431081771850586, 26.5234317779541, 26.553186416625977, 26.58152961730957], "VMAF": [20.799301147460938, 49.76207733154297, 68.4702377319336, 80.2764892578125, 92.2763442993164, 98.5675277709961, 99.67814636230469, 99.99044799804688], "VMAFCLIPPED": [20.799301147460938, 49.76207733154297, 68.4702377319336, 80.2764892578125, 92.33751678466797, 99.27357482910156, 101.62501525878906, 103.77108764648438], "VMAFNEG": [18.838186264038086, 44.5411262512207, 60.14363098144531, 69.40971374511719, 78.13845825195312, 82.73050689697266, 84.156982421875, 85.35572814941406]}