{"ERQA": [0.3195436140134633, 0.5040976932992777, 0.5757428955927508, 0.6132077607244008, 0.6500826748689951, 0.6737225944607498, 0.6841887659732566, 0.698025598911282], "LPIPS": [0.613996785, 0.7097121150000001, 0.7771178449999999, 0.81849093, 0.85777431, 0.8812744549999999, 0.8905360600000001, 0.9029672750000001], "MSSSIM": [0.9445970753828684, 0.9721327324708303, 0.9816860258579254, 0.9863324364026388, 0.9900288383165995, 0.9919841388861338, 0.9927112360795339, 0.9936314225196838], "PSNR": [27.209169387817383, 28.330249786376953, 28.67087173461914, 28.82884407043457, 28.949743270874023, 29.01896095275879, 29.044301986694336, 29.07390594482422], "VMAF": [31.65360450744629, 66.3998031616211, 83.4773941040039, 92.53858184814453, 98.47241973876953, 99.81830596923828, 99.96747589111328, 100.0], "VMAFCLIPPED": [31.65360450744629, 66.3998031616211, 83.4773941040039, 92.66303253173828, 100.16116333007812, 104.24754333496094, 105.75534057617188, 107.45030975341797], "VMAFNEG": [27.51586151123047, 57.722999572753906, 71.28551483154297, 77.87036895751953, 82.66132354736328, 84.95470428466797, 85.72626495361328, 86.53238677978516]}