{"ERQA": [0.46864573039608537, 0.6004697936962611, 0.654309006759719, 0.6825394279343516, 0.710388496276223, 0.724093810372925, 0.728334131404484, 0.7329173437667437], "LPIPS": [0.7637942199999999, 0.86083244, 0.89677315, 0.9105596, 0.9214683499999999, 0.9284414700000001, 0.93192104, 0.9349093199999998], "MSSSIM": [0.9445919593175253, 0.9748542805512747, 0.9822559555371603, 0.9848777254422506, 0.9866200685501099, 0.9874793390432993, 0.987824559211731, 0.988270898660024], "PSNR": [21.27407455444336, 21.805889129638672, 21.916799545288086, 21.954715728759766, 21.974416732788086, 21.98423957824707, 21.987417221069336, 21.988866806030273], "VMAFCLIPPED": [33.13127517700195, 73.44993591308594, 88.81208801269531, 95.44983673095703, 99.90599822998047, 102.17555236816406, 103.03832244873047, 104.10083770751953], "VMAFNEG": [27.021642684936523, 59.988155364990234, 70.82556915283203, 75.0831298828125, 77.75160217285156, 78.86779022216797, 79.23982238769531, 79.63457489013672]}