{"ERQA": [0.3653267908042808, 0.5227382075246833, 0.59744472064463, 0.6392342560226734, 0.6806349479571973, 0.7086606013459447, 0.7200907730788157, 0.7323083203899496], "LPIPS": [0.6396531564245811, 0.7329524636871508, 0.7951331117318435, 0.8369228212290502, 0.8819875754189943, 0.9125459385474861, 0.9246187653631285, 0.9368182625698325], "MSSSIM": [0.9106392363707224, 0.9483928382396698, 0.9644298156102499, 0.9729700783888499, 0.9805992941061655, 0.984762042760849, 0.9861991703510284, 0.987702876329422], "PSNR": [24.19833755493164, 25.539316177368164, 26.034326553344727, 26.269777297973633, 26.447036743164062, 26.539886474609375, 26.569843292236328, 26.597505569458008], "VMAFCLIPPED": [20.781770706176758, 49.73891830444336, 68.46102905273438, 80.28543090820312, 92.45452880859375, 99.46029663085938, 101.85890197753906, 104.03946685791016], "VMAFNEG": [18.832683563232422, 44.5092658996582, 60.11699676513672, 69.3816146850586, 78.13577270507812, 82.7376708984375, 84.17731475830078, 85.39288330078125]}