{"ERQA": [0.314228284250112, 0.49844897527576987, 0.568449377102504, 0.6066733035601884, 0.6419502699635129, 0.6663695157578635, 0.6760168816814114, 0.6882170641322263], "LPIPS": [0.613511325, 0.708223375, 0.775138165, 0.8161586600000001, 0.855164455, 0.87840552, 0.887513905, 0.8996938900000001], "MSSSIM": [0.9446052014827728, 0.9721888601779938, 0.9817530711491903, 0.9864112337430319, 0.9901143610477448, 0.9920668502648672, 0.9927884538968405, 0.9936995009581248], "PSNR": [27.217287063598633, 28.338472366333008, 28.678606033325195, 28.83573341369629, 28.953805923461914, 29.019655227661133, 29.04288673400879, 29.069528579711914], "VMAFCLIPPED": [31.624244689941406, 66.38003540039062, 83.474365234375, 92.67881774902344, 100.16661834716797, 104.24300384521484, 105.75482940673828, 107.42870330810547], "VMAFNEG": [27.51553726196289, 57.70550537109375, 71.25865936279297, 77.83293914794922, 82.57977294921875, 84.82988739013672, 85.57537078857422, 86.3548583984375]}