{"ERQA": [0.6621305380115659, 0.7416652491187425, 0.7746358594612999, 0.7817281863585646, 0.7904107135910344, 0.796468599059047, 0.7960029447991825], "LPIPS": [0.8901876700000001, 0.92782174, 0.93592876, 0.93935858, 0.9431172999999999, 0.94609974, 0.9462596699999999], "MSSSIM": [0.8810723622639974, 0.8843077917893728, 0.8847623666127523, 0.884902556737264, 0.8850142359733582, 0.8851519624392191, 0.8851601084073385], "PSNR": [26.949974060058594, 27.141006469726562, 27.180683135986328, 27.190887451171875, 27.20036506652832, 27.211538314819336, 27.211584091186523], "VMAFCLIPPED": [79.94320678710938, 92.83412170410156, 96.02696228027344, 96.9837417602539, 98.21688842773438, 99.49742889404297, 99.60459899902344], "VMAFNEG": [62.177734375, 69.26529693603516, 70.65121459960938, 70.99439239501953, 71.38097381591797, 71.71349334716797, 71.73001098632812]}