{"ERQA": [0.5307060307094909, 0.6581892501878053, 0.7116164283550458, 0.738516976411784, 0.762951678258191, 0.7796454774994901, 0.789306820727422], "LPIPS": [0.708606815642458, 0.8162179944134079, 0.8730214860335196, 0.9017258715083799, 0.9251442402234636, 0.938746905027933, 0.9489042011173185], "MSSSIM": [0.8978066643079122, 0.9183822373549143, 0.925403892993927, 0.9279052217801412, 0.9295743306477865, 0.9304561714331309, 0.9309190014998118], "PSNR": [22.708921432495117, 23.205060958862305, 23.343303680419922, 23.389863967895508, 23.425334930419922, 23.44434356689453, 23.451797485351562], "VMAFCLIPPED": [48.41215896606445, 76.20628356933594, 91.37628173828125, 99.61141204833984, 107.04676818847656, 111.6829833984375, 114.0030746459961], "VMAFNEG": [40.49650573730469, 61.09358596801758, 71.59627532958984, 76.53311920166016, 80.35263061523438, 82.33443450927734, 83.11065673828125]}