{"ERQA": [0.47075814779616715, 0.6123604784070963, 0.668547232031841, 0.6960203468636961, 0.7143473416528332, 0.7305566257374994, 0.7402013121003638], "LPIPS": [0.64722154, 0.74952938, 0.80146888, 0.8343104249999999, 0.85917423, 0.8783665700000001, 0.8948053], "MSSSIM": [0.9440793991088867, 0.9568001627922058, 0.9604163964589437, 0.9617700080076853, 0.9624616503715515, 0.9629236459732056, 0.9631399512290955], "PSNR": [27.212533950805664, 27.901796340942383, 28.09161376953125, 28.15799331665039, 28.19741439819336, 28.228527069091797, 28.24458885192871], "VMAFCLIPPED": [54.127906799316406, 84.18863677978516, 98.48739624023438, 105.22476196289062, 109.85167694091797, 113.82662200927734, 116.04686737060547], "VMAFNEG": [44.939697265625, 67.80145263671875, 77.04488372802734, 80.54531860351562, 82.4253921508789, 83.74272918701172, 84.31608581542969]}