{"ERQA": [0.649210907332245, 0.6980155921884521, 0.7113815053834589, 0.718148306263037, 0.7263442811162405, 0.7311955822385888, 0.7328505142435865, 0.7349684677849614], "LPIPS": [0.89206077, 0.9144543500000001, 0.91982894, 0.9264682599999999, 0.9316912900000002, 0.9344710399999998, 0.9352752700000001, 0.9359627400000001], "MSSSIM": [0.9832331240177155, 0.9864772260189056, 0.9870850642522176, 0.9874884088834127, 0.9879322946071625, 0.9882549146811167, 0.9883809983730316, 0.9885168274243673], "PSNR": [21.92094612121582, 21.95633316040039, 21.964588165283203, 21.973634719848633, 21.982192993164062, 21.986709594726562, 21.988262176513672, 21.99001121520996], "VMAFCLIPPED": [92.95478057861328, 100.55560302734375, 101.78633117675781, 102.31484985351562, 103.26510620117188, 104.00929260253906, 104.29804229736328, 104.5643081665039], "VMAFNEG": [72.4138412475586, 77.3654556274414, 78.19586944580078, 78.62611389160156, 79.17870330810547, 79.55390930175781, 79.68559265136719, 79.79008483886719]}