{"ERQA": [0.5144608387355238, 0.624748861248972, 0.6693348877800023, 0.6910581673893235, 0.7138307272178123, 0.7281762942783555, 0.7338213203051356, 0.7406279699630639], "LPIPS": [0.7077983575418993, 0.8091386089385475, 0.8636818882681565, 0.8931297150837988, 0.9170380055865921, 0.929878653631285, 0.9348282737430166, 0.9417195977653632], "MSSSIM": [0.951438307762146, 0.9717741012573242, 0.9794127146402994, 0.9829318126042684, 0.9857000211874644, 0.9872081081072489, 0.9878110388914744, 0.9885833362738291], "PSNR": [25.617984771728516, 26.19548797607422, 26.386369705200195, 26.468618392944336, 26.539825439453125, 26.583038330078125, 26.598054885864258, 26.613250732421875], "VMAFCLIPPED": [52.503196716308594, 78.87548065185547, 91.52723693847656, 97.03571319580078, 101.54151153564453, 103.8454818725586, 104.5754623413086, 105.26902770996094], "VMAFNEG": [46.72389221191406, 67.8104476928711, 76.96553802490234, 80.70340728759766, 83.66602325439453, 85.1550521850586, 85.61521911621094, 86.00113677978516]}