{"ERQA": [0.47821994315595256, 0.5816810353337745, 0.6208009989631967, 0.6416411695217307, 0.6645114947135264, 0.6814418087414986, 0.6889940488542122, 0.6981651609206785], "LPIPS": [0.69714059, 0.7898332699999999, 0.8315374900000001, 0.852527635, 0.872835465, 0.885433875, 0.8907096950000001, 0.9018443650000001], "MSSSIM": [0.9740258455276489, 0.985304057598114, 0.9890267252922058, 0.9906632800896963, 0.9922023812929789, 0.9931394259134928, 0.9935101568698883, 0.9942191541194916], "PSNR": [28.394149780273438, 28.78076171875, 28.898571014404297, 28.951904296875, 29.01115608215332, 29.048866271972656, 29.062761306762695, 29.084590911865234], "VMAFCLIPPED": [68.28858184814453, 90.19292449951172, 98.1290283203125, 101.79097747802734, 105.3074951171875, 107.10401153564453, 107.74696350097656, 108.53539276123047], "VMAFNEG": [58.61228942871094, 75.34207916259766, 80.65681457519531, 82.92529296875, 85.00575256347656, 86.0661849975586, 86.42643737792969, 86.84501647949219]}