{"ERQA": [0.7349056708948623, 0.8571467566105346, 0.8803438228265872, 0.8949412840222243, 0.9026643633583753, 0.9068526847760561, 0.909563506295169], "LPIPS": [0.93705463, 0.9675987899999998, 0.97161449, 0.9744735500000001, 0.9760773399999999, 0.97655752, 0.9766712099999999], "MSSSIM": [0.983008881409963, 0.9876730938752493, 0.9881510337193807, 0.9884376327196757, 0.9885712663332621, 0.9886147975921631, 0.9886312385400137], "PSNR": [21.890872955322266, 21.98634147644043, 21.99648094177246, 22.003089904785156, 22.0074462890625, 22.012035369873047, 22.012710571289062], "VMAFCLIPPED": [101.73310089111328, 116.52930450439453, 118.5125961303711, 120.08052825927734, 121.21565246582031, 121.84136199951172, 122.14765167236328], "VMAFNEG": [75.10865020751953, 83.31576538085938, 84.48040771484375, 85.1574478149414, 85.5551986694336, 85.7517318725586, 85.81315612792969]}