{"ERQA": [0.5922239757867929, 0.7116764358051213, 0.7337643267280931, 0.7421638170278037, 0.7486407194613622, 0.7562782084056042, 0.758940195205198], "LPIPS": [0.727130094972067, 0.8250212458100558, 0.863573340782123, 0.8896177039106146, 0.9044297653631284, 0.9147020111731844, 0.9182199553072626], "MSSSIM": [0.9443856875101725, 0.9652483959992727, 0.9718027313550314, 0.9762105147043864, 0.9797171850999197, 0.9823172986507416, 0.9832697113355001], "PSNR": [25.182506561279297, 25.76076316833496, 25.91633415222168, 26.020971298217773, 26.100788116455078, 26.1688232421875, 26.197450637817383], "VMAFCLIPPED": [58.741756439208984, 86.14488220214844, 98.4457778930664, 107.98436737060547, 115.3853530883789, 119.81193542480469, 121.16946411132812], "VMAFNEG": [48.21986389160156, 66.71648406982422, 74.34890747070312, 79.7798080444336, 83.84907531738281, 86.25346374511719, 86.93598175048828]}