{"ERQA": [0.5405150124284288, 0.6986606897872545, 0.7408409129948977, 0.7477492375068141, 0.7568835653487683, 0.7657348678255018, 0.7713348838645236], "LPIPS": [0.67706518, 0.79876115, 0.874444695, 0.8959952, 0.91186576, 0.92379583, 0.930939355], "MSSSIM": [0.9576432605584463, 0.974113384882609, 0.982396125793457, 0.9850836594899496, 0.9871851702531179, 0.9888333181540171, 0.9899464348951975], "PSNR": [27.590961456298828, 28.058298110961914, 28.321990966796875, 28.429546356201172, 28.509862899780273, 28.579099655151367, 28.62076187133789], "VMAFCLIPPED": [57.69582748413086, 88.39175415039062, 110.0907211303711, 116.28300476074219, 120.43145751953125, 123.27411651611328, 125.21881103515625], "VMAFNEG": [45.64241409301758, 65.71857452392578, 77.9477310180664, 81.46968078613281, 83.56575775146484, 84.90629577636719, 85.60366821289062]}