{"ERQA": [0.39884360133686153, 0.5041444066019318, 0.5486278591598279, 0.5829742522937387, 0.620646727859509, 0.6474553135894177, 0.6578495252887305, 0.670735268216316], "LPIPS": [0.7236029699999998, 0.81771739, 0.8696011500000002, 0.8992785000000002, 0.9260747700000002, 0.94021445, 0.9441350500000002, 0.94701206], "MSSSIM": [0.9220110376675924, 0.9674897789955139, 0.9777578115463257, 0.9818191130956014, 0.9847687582174937, 0.9862529039382935, 0.9867901007334391, 0.9873331785202026], "PSNR": [20.789281845092773, 21.692873001098633, 21.8641357421875, 21.915281295776367, 21.953044891357422, 21.971242904663086, 21.977867126464844, 21.98345947265625], "VMAF": [16.046730041503906, 59.23923873901367, 80.67613983154297, 90.36414337158203, 96.5765609741211, 98.37455749511719, 98.8140640258789, 99.36727142333984], "VMAFCLIPPED": [15.494380950927734, 59.23923873901367, 80.75790405273438, 90.52574157714844, 97.93067932128906, 101.71179962158203, 102.99298095703125, 104.42977905273438], "VMAFNEG": [13.17637825012207, 49.554752349853516, 65.76113891601562, 72.16155242919922, 76.71052551269531, 78.77098083496094, 79.43745422363281, 80.0735855102539], "VMAFNEGSHIFTED": [13.407617568969727, 49.55495071411133, 65.63833618164062, 72.00940704345703, 76.43274688720703, 78.43766784667969, 79.10194396972656, 79.7119140625], "VMAFSHIFTED": [15.997516632080078, 59.59648513793945, 81.01054382324219, 90.63313293457031, 97.93125915527344, 101.6634292602539, 102.9825210571289, 104.41923522949219]}