{"ERQA": [0.3167382356841961, 0.48248699937732253, 0.5632343620909053, 0.6123865817919324, 0.6561081141074708, 0.6822973878240288, 0.6936246478151767, 0.7067772508378188], "LPIPS": [0.5735333519553073, 0.698002033519553, 0.7697166871508381, 0.823584033519553, 0.8860325418994414, 0.9200896592178772, 0.9311197486033519, 0.9423029329608937], "MSSSIM": [0.8875403106212616, 0.9375342130661011, 0.9590460558732351, 0.9701326489448547, 0.9792166352272034, 0.9838798542817434, 0.985439678033193, 0.9871004323164622], "PSNR": [23.4344482421875, 25.044723510742188, 25.765928268432617, 26.104469299316406, 26.3612060546875, 26.484590530395508, 26.51902961730957, 26.565927505493164], "VMAF": [7.325683116912842, 38.26814651489258, 60.04802703857422, 75.3014144897461, 90.06733703613281, 97.77850341796875, 99.29637908935547, 99.91704559326172], "VMAFCLIPPED": [7.325683116912842, 38.26814651489258, 60.04802703857422, 75.3014144897461, 90.07877349853516, 98.27698516845703, 100.97940063476562, 103.38956451416016], "VMAFNEG": [6.441280841827393, 34.6180419921875, 53.271026611328125, 65.68133544921875, 76.58096313476562, 81.91315460205078, 83.55562591552734, 85.03289794921875], "VMAFNEGSHIFTED": [6.618366718292236, 34.7847785949707, 53.45988464355469, 65.83939361572266, 76.67460632324219, 81.97942352294922, 83.60260772705078, 85.06776428222656], "VMAFSHIFTED": [7.597316265106201, 38.45983123779297, 60.16386795043945, 75.47344970703125, 90.19920349121094, 98.30512237548828, 101.00059509277344, 103.37564086914062]}