{"ERQA": [0.24749283416105666, 0.4494030055284231, 0.5374141912357131, 0.584912180459983, 0.6279829909304213, 0.6578675570033564, 0.6714226030214059, 0.6920930320694112], "LPIPS": [0.5464719250000001, 0.6765242050000001, 0.760523475, 0.8161660949999999, 0.8657715950000001, 0.8916492300000001, 0.901560195, 0.9141047], "MSSSIM": [0.9278079271316528, 0.9660294055938721, 0.9786307215690613, 0.9843482474486033, 0.9888419111569723, 0.9912669857343038, 0.9922023812929789, 0.9933927456537882], "PSNR": [26.375646591186523, 28.01046371459961, 28.510751724243164, 28.72349739074707, 28.88564682006836, 28.9765567779541, 29.011598587036133, 29.062101364135742], "VMAF": [17.927978515625, 54.26055908203125, 76.68531036376953, 88.47080993652344, 97.43728637695312, 99.85765838623047, 99.99099731445312, 100.0], "VMAFCLIPPED": [17.91152000427246, 54.26055908203125, 76.68531036376953, 88.47760009765625, 98.27828979492188, 103.19294738769531, 104.97360229492188, 107.09310150146484], "VMAFNEG": [15.572620391845703, 47.70445251464844, 66.0981216430664, 74.82098388671875, 81.2971420288086, 84.21548461914062, 85.20760345458984, 86.33344268798828], "VMAFNEGSHIFTED": [15.588924407958984, 47.760623931884766, 66.14678192138672, 74.85731506347656, 81.32694244384766, 84.2353515625, 85.22420501708984, 86.33965301513672], "VMAFSHIFTED": [18.080923080444336, 54.27273941040039, 76.63495635986328, 88.43553161621094, 98.21862030029297, 103.1812973022461, 104.94340515136719, 107.05751037597656]}