{"ERQA": [0.16242207761310873, 0.16300466846990685, 0.1631246827246358, 0.16315294308627815, 0.16270206911622725, 0.16286592742639788, 0.16244738608407752], "LPIPS": [0.7855565699999998, 0.8829552900000002, 0.91408871, 0.9268984499999999, 0.9364941600000001, 0.94286132, 0.9459519099999999], "MSSSIM": [0.943457841873169, 0.971684475739797, 0.9776623745759329, 0.9796855052312216, 0.980945368607839, 0.981559822956721, 0.9818010032176971], "PSNR": [21.122020721435547, 21.56713104248047, 21.600923538208008, 21.603899002075195, 21.600557327270508, 21.60398292541504, 21.607288360595703], "VMAFCLIPPED": [32.125144958496094, 61.83066177368164, 69.85929107666016, 73.01670837402344, 75.06256866455078, 76.14263153076172, 76.56695556640625], "VMAFNEG": [24.994487762451172, 47.75199890136719, 52.44316101074219, 54.07398986816406, 54.943397521972656, 55.2784309387207, 55.40804672241211]}