{"ERQA": [0.16717001262251677, 0.19670497932921585, 0.2116118515943421, 0.21854254352964728, 0.22395151307283165, 0.2283960023178566, 0.22990791918035217], "LPIPS": [0.6444981843575419, 0.74062543575419, 0.8042173296089385, 0.8468109050279329, 0.8921382011173182, 0.9213406983240223, 0.9330195921787711], "MSSSIM": [0.9079556167125702, 0.9437470336755117, 0.9586786925792694, 0.9662314156691233, 0.9726651310920715, 0.9759392937024435, 0.9770142535368601], "PSNR": [23.950132369995117, 25.035015106201172, 25.39629364013672, 25.547119140625, 25.64510726928711, 25.684526443481445, 25.695363998413086], "VMAFCLIPPED": [19.582979202270508, 43.800537109375, 56.71123504638672, 63.69765853881836, 69.94383239746094, 73.10321044921875, 74.09539031982422], "VMAFNEG": [17.34531021118164, 37.91221618652344, 47.864967346191406, 52.919960021972656, 56.8902702331543, 58.61603927612305, 59.066864013671875]}