{"ERQA": [0.06877016868120103, 0.09224281518455735, 0.10124027892348322, 0.10582700603764457, 0.10996867992994737, 0.1125394594788074, 0.11369101243706702], "LPIPS": [0.6259087600000001, 0.72866308, 0.796008675, 0.83902455, 0.8785777349999999, 0.901181445, 0.90982989], "MSSSIM": [0.9423539936542511, 0.9688507914543152, 0.9773832559585571, 0.9813107450803121, 0.9842422703901926, 0.9856756230195364, 0.9862027565638224], "PSNR": [26.977733612060547, 27.895538330078125, 28.13069725036621, 28.22145652770996, 28.281404495239258, 28.306861877441406, 28.3143367767334], "VMAFCLIPPED": [29.825037002563477, 57.897823333740234, 69.1700210571289, 74.4124526977539, 78.2640609741211, 80.11772918701172, 80.79161071777344], "VMAFNEG": [25.126190185546875, 48.70077133178711, 57.035240173339844, 60.532691955566406, 62.76304244995117, 63.651004791259766, 63.93928527832031]}