{"ERQA": [0.43353298180783, 0.5365541457936968, 0.5884191557253482, 0.6174642256495612, 0.6445410306194482, 0.6614380931247664, 0.6672929067273274, 0.6745417549486026], "LPIPS": [0.7737979400000001, 0.8769231800000001, 0.9153317, 0.9302237199999999, 0.9420347299999999, 0.9494358999999999, 0.9530503599999999, 0.9560857999999998], "MSSSIM": [0.943245549996694, 0.9737774034341177, 0.9813531835873922, 0.9840491016705831, 0.9858467280864716, 0.9867136577765147, 0.9870561758677164, 0.987511932849884], "PSNR": [21.264123916625977, 21.810611724853516, 21.934354782104492, 21.97869110107422, 22.00467300415039, 22.01865577697754, 22.02389144897461, 22.027143478393555], "VMAFCLIPPED": [34.44715881347656, 76.43827819824219, 92.99943542480469, 100.2477035522461, 105.30287170410156, 107.82914733886719, 108.84551239013672, 110.0390625], "VMAFNEG": [28.051883697509766, 62.22098159790039, 73.76151275634766, 78.39224243164062, 81.39424133300781, 82.65289306640625, 83.05960083007812, 83.47425842285156]}