{"ERQA": [0.16594507592256957, 0.1951055621827387, 0.20995631383655886, 0.6523540476281126, 0.6941230005532653, 0.722807915093373, 0.23097109097736318], "LPIPS": [0.6449300167597765, 0.742118776536313, 0.806835687150838, 0.8495808547486033, 0.8960757877094971, 0.9275558770949722, 0.9401537094972067], "MSSSIM": [0.9103321333726248, 0.9479464888572693, 0.9643958608309428, 0.9728032847245535, 0.9805468122164408, 0.9847916960716248, 0.9862684508164724], "PSNR": [24.213333129882812, 25.528432846069336, 26.04767608642578, 26.286602020263672, 26.474592208862305, 26.573699951171875, 26.607074737548828], "VMAFCLIPPED": [21.579919815063477, 51.76821517944336, 71.63314819335938, 83.97814178466797, 97.1165542602539, 104.93873596191406, 107.74713134765625], "VMAFNEG": [19.5039119720459, 46.16590881347656, 62.49282455444336, 72.06648254394531, 81.32266998291016, 86.2939453125, 87.91191864013672]}