{"ERQA": [0.33684454636443506, 0.5267223017534302, 0.6030872128757264, 0.6457896020270723, 0.6881740345509115, 0.7173630038862153, 0.729540918298716, 0.7469738896756857], "LPIPS": [0.626088995, 0.7255793199999999, 0.796403435, 0.83972024, 0.880889395, 0.90600934, 0.9162378149999999, 0.93062479], "MSSSIM": [0.9440679550170898, 0.9719273646672567, 0.9816351731618246, 0.9863770802815756, 0.9901661972204844, 0.9921872417132059, 0.9929506580034891, 0.9939339359601339], "PSNR": [27.19542694091797, 28.329788208007812, 28.684276580810547, 28.852214813232422, 28.983139038085938, 29.059406280517578, 29.088041305541992, 29.122875213623047], "VMAFCLIPPED": [32.60053634643555, 68.24317169189453, 86.12763214111328, 95.9552993774414, 104.1617202758789, 108.85079193115234, 110.6353759765625, 112.6942367553711], "VMAFNEG": [28.278018951416016, 59.06508255004883, 73.08311462402344, 79.98816680908203, 85.07785034179688, 87.59020233154297, 88.45478820800781, 89.40275573730469]}