{"ERQA": [0.5113354232803474, 0.719142835441202, 0.8165293368946066, 0.8578301277363046, 0.8845997951313227, 0.8943085658163821, 0.8978407086283304, 0.9004125708465403], "LPIPS": [0.83692639, 0.9382280100000001, 0.9622794699999999, 0.9695244000000001, 0.9739524700000001, 0.9756118299999998, 0.97616701, 0.9766513299999999], "MSSSIM": [0.9495377441247305, 0.9790943165620168, 0.9848428964614868, 0.9864399333794912, 0.9873763422171274, 0.9877645174662272, 0.9879065155982971, 0.9880528350671133], "PSNR": [21.2213077545166, 21.846437454223633, 21.944978713989258, 21.97068977355957, 21.985578536987305, 21.99384880065918, 21.996599197387695, 21.997652053833008], "VMAF": [47.981502532958984, 91.05492401123047, 98.82394409179688, 99.9856948852539, 100.0, 100.0, 100.0, 100.0], "VMAFCLIPPED": [47.981502532958984, 93.70796966552734, 108.458740234375, 114.06521606445312, 117.66338348388672, 119.49278259277344, 120.1425552368164, 120.93983459472656], "VMAFNEG": [36.435855865478516, 68.9202880859375, 78.08878326416016, 81.29502868652344, 83.22940063476562, 84.00309753417969, 84.2509536743164, 84.4910659790039]}