{"ERQA": [0.4729797280040851, 0.6313531902599626, 0.6958506528964369, 0.7274760961991406, 0.7524976621072159, 0.7695787699988108, 0.7760612054995791, 0.7823737432864453], "LPIPS": [0.653433810055866, 0.754864748603352, 0.8182734804469274, 0.8554146983240224, 0.8884274301675976, 0.9076865921787711, 0.9149675474860334, 0.9220019608938548], "MSSSIM": [0.9127241869767507, 0.9495888352394104, 0.9642198979854584, 0.971792091925939, 0.978581170241038, 0.9823142985502878, 0.9835827648639679, 0.9848057826360067], "PSNR": [23.9898738861084, 25.246509552001953, 25.68917465209961, 25.889081954956055, 26.048425674438477, 26.137386322021484, 26.174232482910156, 26.208038330078125], "VMAF": [32.09248733520508, 63.438011169433594, 82.28307342529297, 94.01492309570312, 99.6366195678711, 100.0, 100.0, 100.0], "VMAFCLIPPED": [32.09248733520508, 63.438011169433594, 82.28307342529297, 94.21906280517578, 106.96886444091797, 114.45537567138672, 116.97510528564453, 119.29825592041016], "VMAFNEG": [27.390798568725586, 52.219425201416016, 65.75357818603516, 73.65570068359375, 81.09528350830078, 84.89232635498047, 86.10283660888672, 87.15775299072266]}