{"ERQA": [0.4897798738590457, 0.6721882555541464, 0.7233752744217454, 0.743132850764273, 0.7636048020077306, 0.7766501976622432, 0.7809899878566563, 0.7853818020999849], "LPIPS": [0.6917711, 0.8072703200000001, 0.8566657299999999, 0.8827802650000001, 0.907553735, 0.9225475299999999, 0.928050545, 0.934466535], "MSSSIM": [0.943743904431661, 0.9710004031658173, 0.9796610176563263, 0.9840246339639028, 0.9877435366312662, 0.9896706740061442, 0.990326980749766, 0.9911176164944967], "PSNR": [26.83525276184082, 27.86554718017578, 28.181791305541992, 28.350536346435547, 28.50048828125, 28.582857131958008, 28.60873794555664, 28.635080337524414], "VMAF": [45.68680953979492, 83.37015533447266, 97.48957061767578, 99.94390106201172, 100.0, 100.0, 100.0, 100.0], "VMAFCLIPPED": [45.68680953979492, 83.37205505371094, 100.70062255859375, 110.05117797851562, 118.07595825195312, 122.5816421508789, 124.1648941040039, 126.11601257324219], "VMAFNEG": [35.08966827392578, 62.541481018066406, 73.65230560302734, 79.15433502197266, 83.17292022705078, 84.96017456054688, 85.50496673583984, 86.0771255493164]}