{"ERQA": [0.39337976261870794, 0.5576598387851031, 0.612128723028561, 0.6476685110667817, 0.6879843606204706, 0.7155708850762187, 0.7245911820350318, 0.7323578973658316], "LPIPS": [0.71301327, 0.8060466899999998, 0.85753472, 0.8871900599999999, 0.9142206900000001, 0.9286185900000002, 0.9325598499999999, 0.93556872], "MSSSIM": [0.922679603099823, 0.9681333402792612, 0.9784812231858572, 0.9826109309991201, 0.9856399496396383, 0.9871794283390045, 0.9877282381057739, 0.9882730940977732], "PSNR": [20.797990798950195, 21.70016860961914, 21.87250518798828, 21.922941207885742, 21.960330963134766, 21.977352142333984, 21.982990264892578, 21.98786735534668], "VMAF": [15.889690399169922, 58.96608352661133, 80.37958526611328, 90.05503845214844, 96.36249542236328, 98.22010040283203, 98.66384887695312, 99.22161102294922], "VMAFCLIPPED": [15.324211120605469, 58.96608352661133, 80.46134185791016, 90.21664428710938, 97.55611419677734, 101.27227783203125, 102.53475189208984, 103.9784927368164], "VMAFNEG": [13.042067527770996, 49.30936813354492, 65.44611358642578, 71.82928466796875, 76.33248901367188, 78.32674407958984, 78.95816802978516, 79.57372283935547], "VMAFNEGSHIFTED": [13.2904634475708, 49.314170837402344, 65.33720397949219, 71.71807098388672, 76.12460327148438, 78.08132934570312, 78.71223449707031, 79.31053161621094], "VMAFSHIFTED": [15.846492767333984, 59.377418518066406, 80.80276489257812, 90.42552947998047, 97.69741821289062, 101.36151885986328, 102.69270324707031, 104.10862731933594]}