{"ERQA": [0.26655517208969737, 0.4681273113145992, 0.5610856370823536, 0.6175684119001855, 0.66825794980956, 0.6994811673287116, 0.712601766720643, 0.7274756990384554], "LPIPS": [0.573132346368715, 0.696918407821229, 0.7689464189944135, 0.8229267374301676, 0.884848843575419, 0.9182543519553072, 0.9290414022346368, 0.9399535251396648], "MSSSIM": [0.8879539867242178, 0.9378481109937032, 0.9593321780363718, 0.970417300860087, 0.9795161485671997, 0.9841739038626353, 0.9857224921385447, 0.987360268831253], "PSNR": [23.442790985107422, 25.056528091430664, 25.779830932617188, 26.1202335357666, 26.37818717956543, 26.499975204467773, 26.53245735168457, 26.576505661010742], "VMAF": [7.321935653686523, 38.27294921875, 60.084171295166016, 75.4058837890625, 90.23001861572266, 97.94438171386719, 99.38028717041016, 99.9495849609375], "VMAFCLIPPED": [7.321935653686523, 38.27294921875, 60.084171295166016, 75.4058837890625, 90.24144744873047, 98.5049819946289, 101.20323944091797, 103.63871765136719], "VMAFNEG": [6.444032192230225, 34.623531341552734, 53.27292251586914, 65.70226287841797, 76.61480712890625, 81.9443588256836, 83.57757568359375, 85.04706573486328], "VMAFNEGSHIFTED": [6.618091583251953, 34.788936614990234, 53.4630126953125, 65.8586654663086, 76.70220947265625, 82.00382995605469, 83.61508178710938, 85.06883239746094], "VMAFSHIFTED": [7.59108829498291, 38.46978759765625, 60.1929931640625, 75.55465698242188, 90.38382720947266, 98.52193450927734, 101.24671173095703, 103.62372589111328]}