{"ERQA": [0.23614824620187982, 0.4417523708373447, 0.5313422617950215, 0.5775114734612974, 0.6212905958735271, 0.6505617830160856, 0.6630406857421042, 0.6806037215227859], "LPIPS": [0.539966955, 0.669234615, 0.7519835900000001, 0.80699738, 0.8558581, 0.8808032750000001, 0.89028492, 0.90213349], "MSSSIM": [0.9279751678307852, 0.9661694169044495, 0.9787663122018179, 0.9844796260197958, 0.9889682233333588, 0.9913700322310129, 0.992278645435969, 0.9934132695198059], "PSNR": [26.38561248779297, 28.02152442932129, 28.521512985229492, 28.73167610168457, 28.889320373535156, 28.973560333251953, 29.00399398803711, 29.04658317565918], "VMAF": [17.872102737426758, 54.21103286743164, 76.64761352539062, 88.42501831054688, 97.40182495117188, 99.85186767578125, 99.9878158569336, 100.0], "VMAFCLIPPED": [17.855438232421875, 54.21103286743164, 76.64761352539062, 88.4310531616211, 98.21241760253906, 103.07647705078125, 104.80271911621094, 106.8694839477539], "VMAFNEG": [15.541277885437012, 47.670738220214844, 66.05096435546875, 74.74824523925781, 81.19169616699219, 84.04640197753906, 84.98834991455078, 86.04045867919922], "VMAFNEGSHIFTED": [15.542669296264648, 47.70294952392578, 66.0857925415039, 74.76908874511719, 81.2088623046875, 84.05189514160156, 84.99555969238281, 86.03623962402344], "VMAFSHIFTED": [17.858041763305664, 54.20326232910156, 76.59893035888672, 88.37584686279297, 98.17054748535156, 103.06593322753906, 104.80699920654297, 106.85984802246094]}