{"ERQA": [0.5679572694813679, 0.6244611555191149, 0.6386866452121608, 0.6504193941304085, 0.6596856092998149, 0.665478497983799, 0.6720039672637155], "LPIPS": [0.8809451899999999, 0.9201791499999998, 0.9260984800000002, 0.9308258799999998, 0.9351775299999998, 0.9406640499999999, 0.9454541599999999], "MSSSIM": [0.97909348209699, 0.9848153094450632, 0.985572874546051, 0.9861480494340261, 0.9865567783514658, 0.9868946472803751, 0.987216571966807], "PSNR": [21.834440231323242, 21.950761795043945, 21.9660701751709, 21.975732803344727, 21.982465744018555, 21.986093521118164, 21.98478889465332], "VMAFCLIPPED": [84.41150665283203, 98.0878677368164, 99.85047912597656, 101.27796936035156, 102.69108581542969, 103.76765441894531, 104.54906463623047], "VMAFNEG": [67.3426513671875, 76.66262817382812, 77.9118423461914, 78.75894165039062, 79.43297576904297, 79.87476348876953, 80.13057708740234]}