{"ERQA": [0.49850045792974257, 0.5933128429376823, 0.6259396141215782, 0.6526903446348349, 0.6780821552580005, 0.7017734964737828, 0.7110869797734554], "LPIPS": [0.6915240726256984, 0.7847890670391061, 0.8285499329608939, 0.8664058547486032, 0.8989305642458101, 0.925315620111732, 0.9350196480446927], "MSSSIM": [0.9449958701928457, 0.9666532675425211, 0.974070539077123, 0.9793499211470286, 0.9833830893039703, 0.9861553212006887, 0.9871681729952494], "PSNR": [25.415706634521484, 26.077722549438477, 26.27400779724121, 26.401470184326172, 26.491790771484375, 26.555639266967773, 26.58015251159668], "VMAFCLIPPED": [46.266544342041016, 71.46244812011719, 82.63440704345703, 91.46105194091797, 98.3314208984375, 102.80925750732422, 104.18462371826172], "VMAFNEG": [41.32276153564453, 62.157691955566406, 70.86683654785156, 77.22980499267578, 81.90211486816406, 84.71096801757812, 85.49495697021484]}