{"ERQA": [0.3754273859629829, 0.5171344122279171, 0.6021987601916476, 0.6316467390938336, 0.6578552918177332, 0.6793675736033506, 0.6956051272510959], "LPIPS": [0.61476847, 0.7079341800000001, 0.79539129, 0.8318564699999998, 0.8609290799999999, 0.8842248749999999, 0.9002001150000001], "MSSSIM": [0.9588572084903717, 0.9760261674722036, 0.9859103957811991, 0.9887229800224304, 0.9906527996063232, 0.9920527935028076, 0.9930481910705566], "PSNR": [27.830795288085938, 28.470521926879883, 28.822582244873047, 28.91276741027832, 28.977693557739258, 29.030193328857422, 29.066944122314453], "VMAFCLIPPED": [46.17082595825195, 73.41353607177734, 93.4786605834961, 99.24442291259766, 103.06620025634766, 105.71492767333984, 107.42586517333984], "VMAFNEG": [40.405235290527344, 63.15306854248047, 78.12083435058594, 81.88140106201172, 84.17174530029297, 85.63797760009766, 86.51873779296875]}