{"ERQA": [0.38690992121558804, 0.5482803343393411, 0.6162519031343736, 0.6661142127983379, 0.7199514864771281, 0.7594560693766647, 0.7723304559020073, 0.7856674392008574], "LPIPS": [0.72063438, 0.8205285600000001, 0.8747606600000001, 0.9040315600000001, 0.9276634500000001, 0.93852859, 0.9417523100000001, 0.9443371300000001], "MSSSIM": [0.9239856898784637, 0.9694949090480804, 0.9802984495957693, 0.9845369358857473, 0.9875452319780985, 0.9888648788134257, 0.9892587165037791, 0.989597866932551], "PSNR": [21.294721603393555, 22.38936996459961, 22.60635757446289, 22.682775497436523, 22.742494583129883, 22.772010803222656, 22.779359817504883, 22.78407096862793], "VMAF": [16.93143081665039, 61.36033630371094, 83.80021667480469, 93.78614807128906, 98.38040924072266, 99.63066101074219, 99.88080596923828, 99.9940185546875], "VMAFCLIPPED": [16.45587730407715, 61.36033630371094, 83.80021667480469, 94.51764678955078, 102.58821105957031, 106.82230377197266, 108.33128356933594, 109.87779235839844], "VMAFNEG": [13.87786865234375, 51.08348083496094, 67.93656921386719, 74.90727996826172, 79.72765350341797, 81.90111541748047, 82.5927505493164, 83.21831512451172], "VMAFNEGSHIFTED": [14.234864234924316, 50.95732879638672, 67.61959838867188, 74.54965209960938, 79.23942565917969, 81.30870819091797, 81.96253204345703, 82.54146575927734], "VMAFSHIFTED": [17.106637954711914, 61.27942657470703, 83.61235046386719, 94.2880859375, 102.32193756103516, 106.48274230957031, 107.9386978149414, 109.52161407470703]}