{"ERQA": [0.26888172309404273, 0.4771865618456083, 0.5758144659364278, 0.6342446296612484, 0.68919535029968, 0.7226290018757336, 0.7354176750303636, 0.7492839846829262], "LPIPS": [0.5590267541899442, 0.6855500223463687, 0.7603393351955309, 0.8169490782122905, 0.8790141620111733, 0.9111937932960893, 0.9207043631284917, 0.9297003575418994], "MSSSIM": [0.8895783722400665, 0.9392585953076681, 0.9606159230073293, 0.9717773497104645, 0.9808758795261383, 0.9853639205296835, 0.9867375195026398, 0.9880653917789459], "PSNR": [23.83462905883789, 25.55360984802246, 26.371383666992188, 26.767189025878906, 27.0620174407959, 27.19537353515625, 27.226924896240234, 27.266664505004883], "VMAF": [7.1604838371276855, 39.48695373535156, 61.525299072265625, 77.39718627929688, 92.90888214111328, 99.40892791748047, 99.92191314697266, 100.0], "VMAFCLIPPED": [7.1604838371276855, 39.48695373535156, 61.525299072265625, 77.39718627929688, 92.91477966308594, 101.44833374023438, 104.16535949707031, 106.77436828613281], "VMAFNEG": [6.225209712982178, 35.78359603881836, 54.7003288269043, 67.50479125976562, 78.88147735595703, 84.37760162353516, 85.99967193603516, 87.48896026611328], "VMAFNEGSHIFTED": [6.395672798156738, 36.00376510620117, 54.90239715576172, 67.6516342163086, 78.9777603149414, 84.44327545166016, 86.0527114868164, 87.5228271484375], "VMAFSHIFTED": [7.427635192871094, 39.760475158691406, 61.755088806152344, 77.56076049804688, 93.09298706054688, 101.54082489013672, 104.2470703125, 106.79222106933594]}