{"ERQA": [0.23562592803235907, 0.44852966142440465, 0.5455174366971154, 0.5956521237768121, 0.6426324913407314, 0.6727922455332261, 0.6860133189253167, 0.7012858387703623], "LPIPS": [0.510953125, 0.64182229, 0.7271011900000001, 0.7825283550000001, 0.830879105, 0.8540254899999999, 0.86179316, 0.87128824], "MSSSIM": [0.9288176794846853, 0.9672709206740061, 0.9798981547355652, 0.9856023689111074, 0.990023543437322, 0.9921955466270447, 0.9929312169551849, 0.9937702318032583], "PSNR": [26.81873893737793, 28.63814926147461, 29.21185302734375, 29.459075927734375, 29.644075393676758, 29.732913970947266, 29.762285232543945, 29.798879623413086], "VMAF": [17.802024841308594, 55.25041580200195, 77.86883544921875, 89.99989318847656, 98.43063354492188, 99.97921752929688, 100.0, 100.0], "VMAFCLIPPED": [17.793710708618164, 55.25041580200195, 77.86883544921875, 90.01919555664062, 100.06588745117188, 105.10836791992188, 106.89271545410156, 109.00325012207031], "VMAFNEG": [15.456503868103027, 48.66553497314453, 67.1932144165039, 76.17029571533203, 82.73596954345703, 85.60797882080078, 86.52434539794922, 87.52204895019531], "VMAFNEGSHIFTED": [15.464310646057129, 48.68708801269531, 67.21054077148438, 76.18651580810547, 82.74098205566406, 85.61222076416016, 86.52297973632812, 87.52228546142578], "VMAFSHIFTED": [18.02228355407715, 55.32979965209961, 77.86454772949219, 89.99402618408203, 100.06974792480469, 105.10078430175781, 106.9246597290039, 109.0100326538086]}